"QuestionID","Question","QuestionLength","TripleSize","ResourceTotal","ClassTotal","RelationTotal","_DT ","_IN ","_JJ ","_JJR ","_JJS ","_NN ","_NNS ","_NNP ","_NNPS ","_PRP ","_RB ","_RBR ","_RBS ","_UH ","_VB ","_VBD ","_VBG ","_VBN ","_VBP ","_VBZ ","_WDT ","_WP ","_WP$ ","_WRB ","BooleanAns","NumberAnswer","ListAnswer"
"15000","Give me all cosmonauts. ?","4","5","2","1","2","1","0","0","0","0","0","1","0","0","1","0","0","0","0","1","0","0","0","0","0","0","0","0","0","0","0","1"
"15001","In which country does the Ganges start ?","7","2","1","0","1","1","1","0","0","0","1","0","1","0","0","0","0","0","0","1","0","0","0","0","1","1","0","0","0","0","0","1"
"15003","Which German cities have more than 250000 inhabitants ?","8","5","1","2","2","0","1","1","1","0","0","2","0","0","0","0","0","0","0","0","0","0","0","1","0","1","0","0","0","0","0","1"
"15004","Who was John F. Kennedy's vice president ?","7","2","1","0","1","0","0","0","0","0","2","0","3","0","0","0","0","0","0","0","1","0","0","0","0","0","1","0","0","0","0","1"
"15005","Who is the mayor of Berlin ?","6","2","1","0","1","1","1","0","0","0","1","0","1","0","0","0","0","0","0","0","0","0","0","0","1","0","1","0","0","0","0","1"
"15006","How many students does the Free University in Amsterdam have ?","10","2","1","0","1","1","1","1","0","0","0","1","3","0","0","0","0","0","0","1","0","0","0","0","1","0","0","0","1","0","1","0"
"15007","What is the second highest mountain on Earth ?","8","2","0","1","1","1","1","1","0","1","1","0","1","0","0","0","0","0","0","0","0","0","0","0","1","0","1","0","0","0","0","1"
"15008","Give me all professional skateboarders from Sweden. ?","7","7","3","0","4","1","1","1","0","0","0","1","1","0","1","0","0","0","0","1","0","0","0","0","0","0","0","0","0","0","0","1"
"15011","Give me a list of all bandleaders that play trumpet. ?","10","4","2","0","2","2","1","0","0","0","2","1","0","0","1","0","0","0","0","1","0","0","0","1","0","1","0","0","0","0","0","1"
"15012","Which countries have more than ten caves ?","7","5","0","2","3","0","1","0","1","0","0","2","0","0","0","0","0","0","0","0","0","0","0","1","0","1","0","0","0","0","0","1"
"15014","Who produces Orangina ?","3","2","1","0","1","0","0","0","0","0","0","0","1","0","0","0","0","0","0","0","0","0","0","0","1","0","1","0","0","0","0","1"
"15015","Who is the Formula 1 race driver with the most races ?","11","2","0","1","1","2","1","0","0","0","3","1","0","0","0","0","0","1","0","0","0","0","0","0","1","0","1","0","0","0","0","1"
"15017","Who is the youngest player in the Premier League ?","9","4","1","0","3","2","1","0","0","1","1","0","2","0","0","0","0","0","0","0","0","0","0","0","1","0","1","0","0","0","0","1"
"15018","Give me all members of Prodigy. ?","6","2","1","0","1","1","1","0","0","0","0","1","1","0","1","0","0","0","0","1","0","0","0","0","0","0","0","0","0","0","0","1"
"15020","Does Breaking Bad have more episodes than Game of Thrones ?","10","4","2","0","2","0","2","1","1","0","1","1","0","1","0","0","0","0","0","0","0","1","0","1","1","0","0","0","0","1","0","0"
"15022","What were the main discoveries of the Mars rover Curiosity ?","10","0","0","0","0","2","1","1","0","0","2","1","1","0","0","0","0","0","0","0","1","0","0","0","0","0","1","0","0","0","0","1"
"15023","Give me all people that were born in Vienna and died in Berlin. ?","13","4","2","0","2","1","2","0","0","0","0","1","2","0","1","0","0","0","0","1","2","0","1","0","0","1","0","0","0","0","0","1"
"15024","Is proinsulin a protein ?","4","2","1","1","0","1","0","0","0","0","2","0","0","0","0","0","0","0","0","0","0","0","0","0","1","0","0","0","0","1","0","0"
"15025","How tall is Michael Jordan ?","5","2","1","0","1","0","0","1","0","0","0","0","2","0","0","0","0","0","0","0","0","0","0","0","1","0","0","0","1","0","0","1"
"15026","What is the capital of Canada ?","6","2","1","0","1","1","1","0","0","0","1","0","1","0","0","0","0","0","0","0","0","0","0","0","1","0","1","0","0","0","0","1"
"15031","How many languages are spoken in Turkmenistan ?","7","2","1","0","1","0","1","1","0","0","0","1","1","0","0","0","0","0","0","0","0","0","1","1","0","0","0","0","1","0","1","0"
"15033","Give me all movies directed by Francis Ford Coppola. ?","9","3","1","1","1","1","1","0","0","0","0","1","3","0","1","0","0","0","0","1","0","0","1","0","0","0","0","0","0","0","0","1"
"15034","Give me all actors starring in movies directed by William Shatner. ?","11","3","1","0","2","1","2","0","0","0","0","2","2","0","1","0","0","0","0","1","0","1","1","0","0","0","0","0","0","0","0","1"
"15035","Are tree frogs a type of amphibian ?","7","3","2","0","1","1","1","0","0","0","3","1","0","0","0","0","0","0","0","0","0","0","0","1","0","0","0","0","0","1","0","0"
"15038","How often did Jane Fonda marry ?","6","2","1","0","1","0","0","0","0","0","0","0","2","0","0","1","0","0","0","1","1","0","0","0","0","0","0","0","1","0","0","1"
"15039","Give me all Australian nonprofit organizations. ?","6","7","3","0","4","1","0","2","0","0","0","1","0","0","1","0","0","0","0","1","0","0","0","0","0","0","0","0","0","0","0","1"
"15040","In which military conflicts did Lawrence of Arabia participate ?","9","2","1","0","1","0","2","1","0","0","0","1","2","0","0","0","0","0","0","1","1","0","0","0","0","1","0","0","0","0","0","1"
"15041","Who developed Minecraft ?","3","2","1","0","1","0","0","0","0","0","0","0","1","0","0","0","0","0","0","0","1","0","0","0","0","0","1","0","0","0","0","1"
"15044","How many inhabitants does Maribor have ?","6","2","1","0","1","0","0","1","0","0","0","1","1","0","0","0","0","0","0","1","0","0","0","0","1","0","0","0","1","0","1","0"
"15045","Give me all companies in Munich. ?","6","7","3","1","3","1","1","0","0","0","0","1","1","0","1","0","0","0","0","1","0","0","0","0","0","0","0","0","0","0","0","1"
"15046","How tall is Claudia Schiffer ?","5","2","1","0","1","0","0","1","0","0","0","0","2","0","0","0","0","0","0","0","0","0","0","0","1","0","0","0","1","0","0","1"
"15047","List all games by GMT. ?","5","2","1","0","1","1","1","0","0","0","0","1","1","0","0","0","0","0","0","1","0","0","0","0","0","0","0","0","0","0","0","1"
"15048","Who founded Intel ?","3","2","1","0","1","0","0","0","0","0","0","0","1","0","0","0","0","0","0","0","1","0","0","0","0","0","1","0","0","0","0","1"
"15051","Which cities does the Weser flow through ?","7","2","1","0","1","1","1","0","0","0","1","1","1","0","0","0","0","0","0","0","0","0","0","0","1","1","0","0","0","0","0","1"
"15052","Which countries are connected by the Rhine ?","7","2","1","1","0","1","1","0","0","0","0","1","1","0","0","0","0","0","0","0","0","0","1","1","0","1","0","0","0","0","0","1"
"15053","Which professional surfers were born in Australia ?","7","7","3","0","4","0","1","1","0","0","0","1","1","0","0","0","0","0","0","0","1","0","1","0","0","1","0","0","0","0","0","1"
"15055","In which UK city are the headquarters of the MI6 ?","10","4","2","0","2","2","2","0","0","0","3","0","1","0","0","0","0","0","0","0","0","0","0","1","0","1","0","0","0","0","0","1"
"15057","Who created Goofy ?","3","2","1","0","1","0","0","0","0","0","0","0","1","0","0","0","0","0","0","0","1","0","0","0","0","0","1","0","0","0","0","1"
"15058","Was the Cuban Missile Crisis earlier than the Bay of Pigs Invasion ?","12","4","2","0","2","2","2","1","1","0","0","0","5","0","0","0","0","0","0","0","1","0","0","0","0","0","0","0","0","1","0","0"
"15059","Give me all islands that belong to Japan. ?","8","3","1","1","1","1","0","0","0","0","0","1","1","0","1","0","0","0","0","1","0","0","0","1","0","1","0","0","0","0","0","1"
"15065","Give me all Apollo 14 astronauts. ?","6","2","1","0","1","1","0","0","0","0","0","1","1","0","1","0","0","0","0","1","0","0","0","0","0","0","0","0","0","0","0","1"
"15070","How many missions does the Soyuz programme have ?","8","1","1","0","0","1","0","1","0","0","1","1","1","0","0","0","0","0","0","1","0","0","0","0","1","0","0","0","1","0","1","0"
"15071","Did Socrates influence Aristotle ?","4","3","2","0","1","0","0","0","0","0","0","0","2","0","0","0","0","0","0","1","1","0","0","0","0","0","0","0","0","1","0","0"
"15072","Give me all Danish movies. ?","5","3","1","1","1","1","0","1","0","0","0","1","0","0","1","0","0","0","0","1","0","0","0","0","0","0","0","0","0","0","0","1"
"15073","Give me all launch pads operated by NASA. ?","8","3","1","1","1","1","1","0","0","0","1","1","1","0","1","0","0","0","0","1","0","0","1","0","0","0","0","0","0","0","0","1"
"15074","Which instruments does Cat Stevens play ?","6","2","1","0","1","0","0","0","0","0","0","1","2","0","0","0","0","0","0","1","0","0","0","0","1","1","0","0","0","0","0","1"
"15076","Who are the parents of the wife of Juan Carlos I ?","11","3","1","0","2","2","2","0","0","0","1","1","2","0","1","0","0","0","0","0","0","0","0","1","0","0","1","0","0","0","0","1"
"15077","How many employees does Google have ?","6","2","1","0","1","0","0","1","0","0","0","1","1","0","0","0","0","0","0","1","0","0","0","0","1","0","0","0","1","0","1","0"
"15078","Did Tesla win a nobel prize in physics ?","8","3","2","0","1","1","1","1","0","0","1","1","1","0","0","0","0","0","0","1","1","0","0","0","0","0","0","0","0","1","0","0"
"15079","Give me all cities in New Jersey with more than 100000 inhabitants. ?","12","4","1","1","2","1","3","0","1","0","0","2","2","0","1","0","0","0","0","1","0","0","0","0","0","0","0","0","0","0","0","1"
"15080","Is Rita Wilson the wife of Tom Hanks ?","8","3","2","0","1","1","1","0","0","0","1","0","4","0","0","0","0","0","0","0","0","0","0","0","1","0","0","0","0","1","0","0"
"15083","How many children did Benjamin Franklin have ?","7","2","1","0","1","0","0","1","0","0","0","1","2","0","0","0","0","0","0","1","1","0","0","0","0","0","0","0","1","0","1","0"
"15084","When did Michael Jackson die ?","5","2","1","0","1","0","0","0","0","0","0","0","2","0","0","0","0","0","0","1","1","0","0","0","0","0","0","0","1","0","0","1"
"15085","Which Chess players died in the same place they were born in ?","12","3","0","1","2","1","2","1","0","0","2","1","0","0","1","0","0","0","0","0","2","0","1","0","0","1","0","0","0","0","0","1"
"15086","List the children of Margaret Thatcher. ?","6","2","1","0","1","1","1","0","0","0","0","1","2","0","0","0","0","0","0","1","0","0","0","0","0","0","0","0","0","0","0","1"
"15088","Was Margaret Thatcher a chemist ?","5","3","2","0","1","1","0","0","0","0","1","0","2","0","0","0","0","0","0","0","1","0","0","0","0","0","0","0","0","1","0","0"
"15090","Which museum exhibits The Scream by Munch ?","7","2","1","0","1","1","1","0","0","0","2","0","1","0","0","0","0","0","0","0","0","0","0","0","1","1","0","0","0","0","0","1"
"15091","Give me all books by William Goldman with more than 300 pages. ?","12","4","1","1","2","1","3","0","1","0","0","2","2","0","1","0","0","0","0","1","0","0","0","0","0","0","0","0","0","0","0","1"
"15092","Which books by Kerouac were published by Viking Press ?","9","5","2","1","2","0","2","1","0","0","0","1","2","0","0","0","0","0","0","0","1","0","1","0","0","1","0","0","0","0","0","1"
"15094","How high is the Mount Everest ?","6","2","1","0","1","1","0","1","0","0","0","0","2","0","0","0","0","0","0","0","0","0","0","0","1","0","0","0","1","0","0","1"
"15096","How many people live in the capital of Australia ?","9","3","1","0","2","1","2","1","0","0","1","1","1","0","0","0","0","0","0","0","0","0","0","1","0","0","0","0","1","0","1","0"
"15097","What is the largest city in Australia ?","7","2","1","0","1","1","1","0","0","1","1","0","1","0","0","0","0","0","0","0","0","0","0","0","1","0","1","0","0","0","0","1"
"15098","Who composed the music for Harold and Maude ?","8","2","1","0","1","1","1","0","0","0","1","0","2","0","0","0","0","0","0","0","0","0","1","0","0","0","1","0","0","0","0","1"
"15099","Which films starring Clint Eastwood did he direct himself ?","9","4","2","0","2","0","0","0","0","0","0","1","2","0","2","0","0","0","0","1","1","1","0","0","0","1","0","0","0","0","0","1"
"15100","In which city was the former Dutch queen Juliana buried ?","10","3","1","1","1","1","1","1","0","0","2","0","2","0","0","0","0","0","0","0","1","0","1","0","0","1","0","0","0","0","0","1"
"15101","Is Egypts largest city also its capital ?","7","4","2","0","2","0","0","0","0","1","2","0","0","0","0","2","0","0","0","0","0","0","0","0","1","0","0","0","0","1","0","0"
"15104","Show me all songs from Bruce Springsteen released between 1980 and 1990. ?","12","4","1","1","2","1","2","0","0","0","1","1","2","0","1","0","0","0","0","0","1","0","0","0","0","0","0","0","0","0","0","1"
"15108","Give me all B-sides of the Ramones. ?","7","3","1","0","2","2","1","0","0","0","0","1","0","1","1","0","0","0","0","1","0","0","0","0","0","0","0","0","0","0","0","1"
"15110","Which country does the creator of Miffy come from ?","9","3","1","0","2","1","2","0","0","0","2","0","1","0","0","0","0","0","0","1","0","0","0","0","1","1","0","0","0","0","0","1"
"15111","For which label did Elvis record his first album ?","9","5","1","1","3","0","1","1","0","0","2","0","1","0","0","0","0","0","0","1","1","0","0","0","0","1","0","0","0","0","0","1"
"15112","Give me the birthdays of all actors of the television show Charmed. ?","12","3","1","0","2","3","2","0","0","0","2","2","1","0","1","0","0","0","0","1","0","0","0","0","0","0","0","0","0","0","0","1"
"15113","How many employees does IBM have ?","6","2","1","0","1","0","0","1","0","0","0","1","1","0","0","0","0","0","0","1","0","0","0","0","1","0","0","0","1","0","1","0"
"15115","In which country is the Limerick Lake ?","7","2","1","0","1","1","1","0","0","0","1","0","2","0","0","0","0","0","0","0","0","0","0","0","1","1","0","0","0","0","0","1"
"15116","Which television shows were created by John Cleese ?","8","3","1","1","1","0","1","0","0","0","1","1","2","0","0","0","0","0","0","0","1","0","1","0","0","1","0","0","0","0","0","1"
"15117","Which mountain is the highest after the Annapurna ?","8","4","1","1","2","2","1","0","0","1","1","0","1","0","0","0","0","0","0","0","0","0","0","0","1","1","0","0","0","0","0","1"
"15118","In which films directed by Garry Marshall was Julia Roberts starring ?","11","5","2","1","2","0","2","0","0","0","0","1","4","0","0","0","0","0","0","0","1","1","1","0","0","1","0","0","0","0","0","1"
"15120","Was U.S. president Jackson involved in a war ?","8","2","1","0","1","1","1","0","0","0","2","0","2","0","0","0","0","0","0","0","1","0","1","0","0","0","0","0","0","1","0","0"
"15122","Which awards did Douglas Hofstadter win ?","6","2","1","0","1","0","0","0","0","0","0","1","2","0","0","0","0","0","0","1","1","0","0","0","0","1","0","0","0","0","0","1"
"15123","Who is the daughter of Robert Kennedy married to ?","9","3","1","0","2","1","1","0","0","0","1","0","2","0","0","0","0","0","0","0","0","0","1","0","1","0","1","0","0","0","0","1"
"15125","What is the currency of the Czech Republic ?","8","2","1","0","1","2","1","0","0","0","1","0","2","0","0","0","0","0","0","0","0","0","0","0","1","0","1","0","0","0","0","1"
"15127","What is the area code of Berlin ?","7","2","1","0","1","1","1","0","0","0","2","0","1","0","0","0","0","0","0","0","0","0","0","0","1","0","1","0","0","0","0","1"
"15128","Which countries have more than two official languages ?","8","2","0","1","1","0","1","1","1","0","0","2","0","0","0","0","0","0","0","0","0","0","0","1","0","1","0","0","0","0","0","1"
"15129","Who is the owner of Rolls-Royce ?","6","2","1","0","1","1","1","0","0","0","1","0","1","0","0","0","0","0","0","0","0","0","0","0","1","0","1","0","0","0","0","1"
"15130","Through which countries does the Yenisei river flow ?","8","2","1","0","1","1","1","0","0","0","2","1","1","0","0","0","0","0","0","0","0","0","0","0","1","1","0","0","0","0","0","1"
"15132","Which monarchs were married to a German ?","7","7","2","1","4","1","0","1","0","0","0","1","0","0","0","0","0","0","0","0","1","0","1","0","0","1","0","0","0","0","0","1"
"15133","When was the Battle of Gettysburg ?","6","2","1","0","1","1","1","0","0","0","1","0","1","0","0","0","0","0","0","0","1","0","0","0","0","0","0","0","1","0","0","1"
"15134","Which river does the Brooklyn Bridge cross ?","7","2","1","0","1","1","0","0","0","0","1","0","2","0","0","0","0","0","0","1","0","0","0","0","1","1","0","0","0","0","0","1"
"15135","What is the highest mountain in Australia ?","7","4","1","1","2","1","1","0","0","1","1","0","1","0","0","0","0","0","0","0","0","0","0","0","1","0","1","0","0","0","0","1"
"15137","What is the official language of Suriname ?","7","2","1","0","1","1","1","1","0","0","1","0","1","0","0","0","0","0","0","0","0","0","0","0","1","0","1","0","0","0","0","1"
"15138","Who is the mayor of Tel Aviv ?","7","2","1","0","1","1","1","0","0","0","1","0","2","0","0","0","0","0","0","0","0","0","0","0","1","0","1","0","0","0","0","1"
"15139","Who designed the Brooklyn Bridge ?","5","2","1","0","1","1","0","0","0","0","0","0","2","0","0","0","0","0","0","0","1","0","0","0","0","0","1","0","0","0","0","1"
"15141","Is Frank Herbert still alive ?","5","2","1","0","1","0","0","1","0","0","0","0","2","0","0","1","0","0","0","0","0","0","0","0","1","0","0","0","0","1","0","0"
"15143","Who is the editor of Forbes ?","6","2","1","0","1","1","1","0","0","0","1","0","1","0","0","0","0","0","0","0","0","0","0","0","1","0","1","0","0","0","0","1"
"15146","What did Bruce Carver die from ?","6","2","1","0","1","0","1","0","0","0","0","0","2","0","0","0","0","0","0","1","1","0","0","0","0","0","1","0","0","0","0","1"
"15148","Which presidents were born in 1945 ?","6","2","0","1","1","0","1","0","0","0","0","1","0","0","0","0","0","0","0","0","1","0","1","0","0","1","0","0","0","0","0","1"
"15149","Give me all federal chancellors of Germany. ?","7","3","1","1","1","1","1","1","0","0","0","1","1","0","1","0","0","0","0","1","0","0","0","0","0","0","0","0","0","0","0","1"
"15150","Who was the wife of U.S. president Lincoln ?","8","2","1","0","1","1","1","0","0","0","2","0","2","0","0","0","0","0","0","0","1","0","0","0","0","0","1","0","0","0","0","1"
"15151","Who developed the video game World of Warcraft ?","8","2","1","0","1","1","1","0","0","0","3","0","1","0","0","0","0","0","0","0","1","0","0","0","0","0","1","0","0","0","0","1"
"15153","List all episodes of the first season of the HBO television series The Sopranos. ?","14","3","1","0","2","4","2","1","0","0","3","1","1","1","0","0","0","0","0","1","0","0","0","0","0","0","0","0","0","0","0","1"
"15154","Who produced the most films ?","5","2","0","1","1","1","0","0","0","0","0","1","0","0","0","0","0","1","0","0","1","0","0","0","0","0","1","0","0","0","0","1"
"15156","In which city did John F. Kennedy die ?","8","3","1","1","1","0","1","0","0","0","1","0","3","0","0","0","0","0","0","1","1","0","0","0","0","1","0","0","0","0","0","1"
"15157","Is there a video game called Battle Chess ?","8","1","0","1","0","1","0","0","0","0","2","0","2","0","0","0","0","0","0","0","0","0","1","0","1","0","0","0","0","1","0","0"
"15159","Who created Wikipedia ?","3","2","1","0","1","0","0","0","0","0","0","0","1","0","0","0","0","0","0","0","1","0","0","0","0","0","1","0","0","0","0","1"
"15160","Give me all actors starring in Last Action Hero. ?","9","2","1","0","1","1","1","1","0","0","0","1","2","0","1","0","0","0","0","1","0","1","0","0","0","0","0","0","0","0","0","1"
"15161","Which software has been developed by organizations founded in California ?","10","5","1","2","2","0","2","0","0","0","1","1","1","0","0","0","0","0","0","0","0","0","3","0","1","1","0","0","0","0","0","1"
"15163","Is Christian Bale starring in Velvet Goldmine ?","7","3","2","0","1","0","1","0","0","0","0","0","4","0","0","0","0","0","0","0","0","1","0","0","1","0","0","0","0","1","0","0"
"15165","Which actors were born in Germany ?","6","6","2","1","3","0","1","0","0","0","0","1","1","0","0","0","0","0","0","0","1","0","1","0","0","1","0","0","0","0","0","1"
"15167","Was the wife of president Lincoln called Mary ?","8","2","1","0","1","1","1","0","0","0","2","0","2","0","0","0","0","0","0","0","2","0","0","0","0","0","0","0","0","1","0","0"
"15168","Give me all films produced by Hal Roach. ?","8","3","1","1","1","1","1","0","0","0","0","1","2","0","1","0","0","0","0","1","0","0","1","0","0","0","0","0","0","0","0","1"
"15170","Which languages are spoken in Estonia ?","6","2","1","0","1","0","1","0","0","0","0","1","1","0","0","0","0","0","0","0","0","0","1","1","0","1","0","0","0","0","0","1"
"15171","How many Aldi stores are there ?","6","2","1","0","1","0","0","1","0","0","0","1","1","0","0","0","0","0","0","0","0","0","0","1","0","0","0","0","1","0","1","0"
"15173","Who was the 16th president of the United States ?","9","2","0","0","2","2","1","1","0","0","1","0","1","1","0","0","0","0","0","0","1","0","0","0","0","0","1","0","0","0","0","1"
"15174","How many films did Hal Roach produce ?","7","2","1","0","1","0","0","1","0","0","0","1","2","0","0","0","0","0","0","1","1","0","0","0","0","0","0","0","1","0","1","0"
"15176","Give me all books written by Danielle Steel. ?","8","3","1","1","1","1","1","0","0","0","0","1","2","0","1","0","0","0","0","1","0","0","1","0","0","0","0","0","0","0","0","1"
"15177","Which airports are located in California, USA ?","7","10","4","1","5","0","1","1","0","0","0","1","2","0","0","0","0","0","0","0","0","0","0","1","0","1","0","0","0","0","0","1"
"15179","Give me all Canadian Grunge record labels. ?","7","5","2","1","2","1","0","1","0","0","2","1","0","0","1","0","0","0","0","1","0","0","0","0","0","0","0","0","0","0","0","1"
"15181","In which programming language is GIMP written ?","7","2","1","0","1","0","1","0","0","0","2","0","1","0","0","0","0","0","0","0","0","0","1","0","1","1","0","0","0","0","0","1"
"15182","Who produced films starring Natalie Portman ?","6","4","1","1","2","0","0","0","0","0","0","1","2","0","0","0","0","0","0","0","1","1","0","0","0","0","1","0","0","0","0","1"
"15183","Give me all movies with Tom Cruise. ?","7","3","1","1","1","1","1","0","0","0","0","1","2","0","1","0","0","0","0","1","0","0","0","0","0","0","0","0","0","0","0","1"
"15184","In which films did Julia Roberts as well as Richard Gere play ?","12","5","2","1","2","0","2","0","0","0","0","1","4","0","0","2","0","0","0","1","1","0","0","0","0","1","0","0","0","0","0","1"
"15186","Who wrote the book The Pillars of the Earth ?","9","2","1","0","1","3","1","0","0","0","1","0","1","1","0","0","0","0","0","0","1","0","0","0","0","0","1","0","0","0","0","1"
"15187","How many films did Leonardo DiCaprio star in ?","8","3","1","1","1","0","1","1","0","0","1","1","2","0","0","0","0","0","0","0","1","0","0","0","0","0","0","0","1","0","1","0"
"15188","Give me all soccer clubs in the Premier League. ?","9","3","1","1","1","2","1","0","0","0","1","1","2","0","1","0","0","0","0","1","0","0","0","0","0","0","0","0","0","0","0","1"
"15190","When was Capcom founded ?","4","2","1","0","1","0","0","0","0","0","0","0","1","0","0","0","0","0","0","0","1","0","1","0","0","0","0","0","1","0","0","1"
"15191","Which organizations were founded in 1930 ?","6","3","0","1","2","0","1","0","0","0","0","1","0","0","0","0","0","0","0","0","1","0","1","0","0","1","0","0","0","0","0","1"
"15192","What is the highest mountain ?","5","2","0","1","1","1","0","0","0","1","1","0","0","0","0","0","0","0","0","0","0","0","0","0","1","0","1","0","0","0","0","1"
"15193","Was Natalie Portman born in the United States ?","8","7","4","0","3","1","1","0","0","0","0","0","3","1","0","0","0","0","0","0","1","0","1","0","0","0","0","0","0","1","0","0"
"15200","How many inhabitants does the largest city in Canada have ?","10","3","1","0","2","1","1","1","0","1","1","1","1","0","0","0","0","0","0","1","0","0","0","0","1","0","0","0","1","0","1","0"
"15201","In which studio did the Beatles record their first album ?","10","0","0","0","0","1","1","1","0","0","2","0","0","1","0","0","0","0","0","1","1","0","0","0","0","1","0","0","0","0","0","1"
"15202","Who was the first to climb Mount Everest ?","8","2","1","0","1","1","0","1","0","0","0","0","2","0","0","0","0","0","0","1","1","0","0","0","0","0","1","0","0","0","0","1"
"15203","How many programming languages are there ?","6","1","0","1","0","0","0","1","0","0","1","1","0","0","0","0","0","0","0","0","0","0","0","1","0","0","0","0","1","0","1","0"
"15204","What is the official color of the University of Oxford ?","10","2","1","0","1","2","2","1","0","0","1","0","2","0","0","0","0","0","0","0","0","0","0","0","1","0","1","0","0","0","0","1"
"15205","How many gold medals did Michael Phelps win at the 2008 Olympics ?","12","0","0","0","0","1","1","1","0","0","1","1","2","1","0","0","0","0","0","1","1","0","0","0","0","0","0","0","1","0","1","0"
"15206","To which artistic movement did the painter of The Three Dancers belong ?","12","3","1","0","2","2","1","1","0","0","2","1","0","0","0","0","0","0","0","1","1","0","0","0","0","1","0","0","0","0","0","1"
"15207","Give me all animals that are extinct. ?","7","2","0","1","1","1","0","1","0","0","0","1","0","0","1","0","0","0","0","1","0","0","0","1","0","1","0","0","0","0","0","1"
"15208","Does Abraham Lincoln's death place have a website ?","8","2","1","0","1","1","0","0","0","0","3","0","2","0","0","0","0","0","0","0","0","0","0","1","1","0","0","0","0","1","0","0"
"15209","How deep is Lake Placid ?","5","2","1","0","1","0","0","1","0","0","0","0","2","0","0","0","0","0","0","0","0","0","0","0","1","0","0","0","1","0","0","1"
"15210","Give me the grandchildren of Bruce Lee. ?","7","3","1","0","2","1","1","0","0","0","0","1","2","0","1","0","0","0","0","1","0","0","0","0","0","0","0","0","0","0","0","1"
"15211","Who is the youngest Darts player ?","6","2","0","1","1","1","0","0","0","1","1","1","0","0","0","0","0","0","0","0","0","0","0","0","1","0","1","0","0","0","0","1"
"15212","Where was Bach born ?","4","2","1","0","1","0","0","0","0","0","0","0","1","0","0","0","0","0","0","0","1","0","1","0","0","0","0","0","1","0","0","1"
"15213","In which countries can you pay using the West African CFA franc ?","12","2","1","0","1","1","1","0","0","0","1","1","3","0","1","0","0","0","0","1","0","1","0","0","0","1","0","0","0","0","0","1"
"15215","What is the most frequent cause of death ?","8","1","0","0","1","1","1","1","0","0","2","0","0","0","0","0","0","1","0","0","0","0","0","0","1","0","1","0","0","0","0","1"
"15216","Does the Isar flow into a lake ?","7","3","1","1","1","2","1","0","0","0","3","0","0","0","0","0","0","0","0","0","0","0","0","0","1","0","0","0","0","1","0","0"
"15217","Give me all films produced by Steven Spielberg with a budget of at least $80 million. ?","16","4","1","1","2","2","4","0","0","1","1","1","2","0","1","0","0","0","0","1","0","0","1","0","0","0","0","0","0","0","0","1"
"15218","Give me all writers that won the Nobel Prize in literature. ?","11","3","1","1","1","2","1","0","0","0","1","1","2","0","1","0","0","0","0","1","1","0","0","0","0","1","0","0","0","0","0","1"
"15219","Give me all taikonauts. ?","4","3","1","1","1","1","0","0","0","0","0","1","0","0","1","0","0","0","0","1","0","0","0","0","0","0","0","0","0","0","0","1"
"15220","How many pages does War and Peace have ?","8","2","1","0","1","0","0","1","0","0","0","1","2","0","0","0","0","0","0","1","0","0","0","0","1","0","0","0","1","0","1","0"
"15221","What is the bridge with the longest span ?","8","2","0","1","1","2","1","0","0","1","2","0","0","0","0","0","0","0","0","0","0","0","0","0","1","0","1","0","0","0","0","1"
"15223","Who is the tallest player of the Atlanta Falcons ?","9","3","1","0","2","2","1","0","0","1","1","0","1","1","0","0","0","0","0","0","0","0","0","0","1","0","1","0","0","0","0","1"
"15224","Which rivers flow into a German lake ?","7","5","1","2","2","1","1","1","0","0","1","1","0","0","0","0","0","0","0","0","0","0","0","1","0","1","0","0","0","0","0","1"
"15226","Which rockets were launched from Baikonur ?","6","3","1","1","1","0","1","0","0","0","0","1","1","0","0","0","0","0","0","0","1","0","1","0","0","1","0","0","0","0","0","1"
"15227","Which pope succeeded John Paul II ?","6","1","1","0","0","0","0","0","0","0","1","0","3","0","0","0","0","0","0","0","1","0","0","0","0","1","0","0","0","0","0","1"
"15228","Give me all Dutch parties. ?","5","3","1","1","1","1","0","1","0","0","0","1","0","0","1","0","0","0","0","1","0","0","0","0","0","0","0","0","0","0","0","1"
"15230","Give me all Swedish oceanographers. ?","5","4","2","0","2","1","0","1","0","0","0","1","0","0","1","0","0","0","0","1","0","0","0","0","0","0","0","0","0","0","0","1"
"15231","Give me all actors who were born in Berlin. ?","9","3","1","1","1","1","1","0","0","0","0","1","1","0","1","0","0","0","0","1","1","0","1","0","0","0","1","0","0","0","0","1"
"15232","What was the last movie with Alec Guinness ?","8","4","1","1","2","1","1","1","0","0","1","0","2","0","0","0","0","0","0","0","1","0","0","0","0","0","1","0","0","0","0","1"
"15233","Which poet wrote the most books ?","6","4","1","1","2","1","0","0","0","0","1","1","0","0","0","0","0","1","0","0","1","0","0","0","0","1","0","0","0","0","0","1"
"15234","How many languages are spoken in Colombia ?","7","3","1","1","1","0","1","1","0","0","0","1","1","0","0","0","0","0","0","0","0","0","1","1","0","0","0","0","1","0","1","0"
"15235","What does IYCM stand for ?","5","1","0","0","1","0","1","0","0","0","0","0","1","0","0","0","0","0","0","1","0","0","0","0","1","0","1","0","0","0","0","1"
"15239","Which ingredients do I need for carrot cake ?","8","2","1","0","1","0","1","0","0","0","2","1","0","0","1","0","0","0","0","1","0","0","0","1","0","1","0","0","0","0","0","1"
"15240","Is Cola a beverage ?","4","2","1","1","0","1","0","0","0","0","1","0","1","0","0","0","0","0","0","0","0","0","0","0","1","0","0","0","0","1","0","0"
"15241","Who has Tom Cruise been married to ?","7","2","1","0","1","0","0","0","0","0","0","0","2","0","0","0","0","0","0","0","0","0","2","0","1","0","1","0","0","0","0","1"
"15242","Which of Tim Burton's films had the highest budget ?","9","3","1","0","2","1","1","0","0","1","1","1","2","0","0","0","0","0","0","0","1","0","0","0","0","1","0","0","0","0","0","1"
"15244","Which actor was casted in the most movies ?","8","3","0","2","1","1","1","0","0","0","1","1","0","0","0","0","0","1","0","0","1","0","1","0","0","1","0","0","0","0","0","1"
"15245","Is James Bond married ?","4","2","1","0","1","0","0","0","0","0","0","0","2","0","0","0","0","0","0","0","0","0","1","0","1","0","0","0","0","1","0","0"
"15246","Give me all Australian metalcore bands. ?","6","8","3","1","4","1","0","1","0","0","1","1","0","0","1","0","0","0","0","1","0","0","0","0","0","0","0","0","0","0","0","1"
"15247","Give me all actors who were born in Paris after 1950. ?","11","4","1","1","2","1","2","0","0","0","0","1","1","0","1","0","0","0","0","1","1","0","1","0","0","0","1","0","0","0","0","1"
"15251","Give all swimmers that were born in Moscow. ?","8","3","1","1","1","1","1","0","0","0","0","1","1","0","0","0","0","0","0","1","1","0","1","0","0","1","0","0","0","0","0","1"
"15253","Show me the book that Muhammad Ali wrote. ?","8","3","1","1","1","1","0","0","0","0","2","0","2","0","1","0","0","0","0","0","1","0","0","0","0","1","0","0","0","0","0","1"
"15254","How many museums does Paris have ?","6","3","1","1","1","0","0","1","0","0","0","1","1","0","0","0","0","0","0","1","0","0","0","0","1","0","0","0","1","0","1","0"
"15255","Which city has the most inhabitants ?","6","2","0","1","1","1","0","0","0","0","1","1","0","0","0","0","0","1","0","0","0","0","0","0","1","1","0","0","0","0","0","1"
"15256","Which city has the least inhabitants ?","6","2","0","1","1","1","0","0","0","1","1","1","0","0","0","0","0","0","0","0","0","0","0","0","1","1","0","0","0","0","0","1"
"15257","Give me all the TV shows with Neil Patrick Harris. ?","10","3","1","1","1","1","1","0","0","0","1","0","3","0","1","0","0","0","0","1","0","0","0","0","1","0","0","0","0","0","0","1"
"15258","Who wrote The Hunger Games ?","5","2","1","0","1","1","0","0","0","0","0","0","1","1","0","0","0","0","0","0","1","0","0","0","0","0","1","0","0","0","0","1"
"15259","Show a list of soccer clubs that play in the Bundesliga. ?","11","3","1","1","1","2","2","0","0","0","3","1","1","0","0","0","0","0","0","0","0","0","0","1","0","1","0","0","0","0","0","1"
"15261","Who is the founder of Penguin Books ?","7","2","1","0","1","1","1","0","0","0","1","0","1","1","0","0","0","0","0","0","0","0","0","0","1","0","1","0","0","0","0","1"
"15262","Which programming languages influenced Javascript ?","5","3","1","1","1","0","0","0","0","0","1","1","1","0","0","0","0","0","0","0","1","0","0","0","0","1","0","0","0","0","0","1"
"15263","Did Che Guevara have children ?","5","2","1","0","1","0","0","0","0","0","0","1","2","0","0","0","0","0","0","0","1","0","0","1","0","0","0","0","0","1","0","0"
"15264","List all the musicals with music by Elton John. ?","9","3","1","1","1","1","2","0","0","0","1","1","2","0","0","0","0","0","0","1","0","0","0","0","0","0","0","0","0","0","0","1"
"15265","Show me all the breweries in Australia. ?","7","6","2","1","3","1","1","0","0","0","1","1","1","0","1","0","0","0","0","0","0","0","0","0","0","0","0","0","0","0","0","1"
"15266","When was the Titanic completed ?","5","2","1","0","1","1","0","0","0","0","0","0","1","0","0","0","0","0","0","0","1","0","1","0","0","0","0","0","1","0","0","1"
"15267","How much did Pulp Fiction cost ?","6","2","1","0","1","0","0","0","0","0","0","0","2","0","0","1","0","0","0","1","1","0","0","0","0","0","0","0","1","0","0","1"
"15268","How many airlines are there ?","5","1","0","1","0","0","0","1","0","0","0","1","0","0","0","0","0","0","0","0","0","0","0","1","0","0","0","0","1","0","1","0"
"15271","Which book has the most pages ?","6","2","0","1","1","1","0","0","0","0","1","1","0","0","0","0","0","1","0","0","0","0","0","0","1","1","0","0","0","0","0","1"
"15272","Which bridges cross the Seine ?","5","3","1","1","1","1","0","0","0","0","0","1","1","0","0","0","0","0","0","0","0","0","0","1","0","1","0","0","0","0","0","1"
"15273","Who is the mayor of the capital of French Polynesia ?","10","3","1","0","2","2","2","1","0","0","3","0","0","0","0","0","0","0","0","0","0","0","0","0","1","0","1","0","0","0","0","1"
"15274","When did Dracula's creator die ?","5","3","1","0","2","0","0","0","0","0","1","0","1","0","0","0","0","0","0","1","1","0","0","0","0","0","0","0","1","0","0","1"
"15275","What is the location of the Houses of Parliament ?","9","2","1","0","1","2","2","0","0","0","1","1","1","0","0","0","0","0","0","0","0","0","0","0","1","0","1","0","0","0","0","1"
"15276","Show me all English Gothic buildings in Kent. ?","8","5","2","1","2","1","1","2","0","0","1","1","1","0","1","0","0","0","0","0","0","0","0","0","0","0","0","0","0","0","0","1"
"15277","Who was the pope that founded the Vatican Television ?","9","3","1","1","1","2","0","0","0","0","1","0","2","0","0","0","0","0","0","0","2","0","0","0","0","1","1","0","0","0","0","1"
"15279","What is the total population of Melbourne, Florida ?","8","2","1","0","1","1","1","1","0","0","1","0","2","0","0","0","0","0","0","0","0","0","0","0","1","0","1","0","0","0","0","1"
"15280","Which airports does Air China serve ?","6","2","1","0","1","0","0","0","0","0","0","1","2","0","0","0","0","0","0","1","0","0","0","0","1","1","0","0","0","0","0","1"
"15281","In which year was Rachel Stevens born ?","7","2","1","0","1","0","1","0","0","0","1","0","2","0","0","0","0","0","0","0","1","0","1","0","0","1","0","0","0","0","0","1"
"15282","Where was JFK assassinated ?","4","2","1","0","1","0","0","0","0","0","0","0","1","0","0","0","0","0","0","0","1","0","1","0","0","0","0","0","1","0","0","1"
"15283","How many politicians graduated from Columbia University ?","7","4","2","0","2","0","1","1","0","0","0","1","2","0","0","0","0","0","0","0","1","0","0","0","0","0","0","0","1","0","1","0"
"15284","Which scientist is known for the Manhattan Project and the Nobel Peace Prize ?","13","5","2","1","2","2","1","0","0","0","1","0","5","0","0","0","0","0","0","0","0","0","1","0","1","1","0","0","0","0","0","1"
"15288","Who is the owner of Facebook ?","6","2","1","0","1","1","1","0","0","0","1","0","1","0","0","0","0","0","0","0","0","0","0","0","1","0","1","0","0","0","0","1"
"15289","From which region is the Melon de Bourgogne ?","8","2","1","0","1","1","2","0","0","0","1","0","2","0","0","0","0","0","0","0","0","0","0","0","1","1","0","0","0","0","0","1"
"15290","Who was influenced by Socrates ?","5","2","1","0","1","0","1","0","0","0","0","0","1","0","0","0","0","0","0","0","1","0","1","0","0","0","1","0","0","0","0","1"
"15294","Who was married to president Chirac ?","6","2","1","0","1","0","0","0","0","0","1","0","1","0","0","0","0","0","0","0","1","0","1","0","0","0","1","0","0","0","0","1"
"15296","Where in France is sparkling wine produced ?","7","4","2","0","2","0","1","1","0","0","1","0","1","0","0","0","0","0","0","0","0","0","1","0","1","0","0","0","1","0","0","1"
"15297","Where did Hillel Slovak die ?","5","2","1","0","1","0","0","0","0","0","0","0","2","0","0","0","0","0","0","1","1","0","0","0","0","0","0","0","1","0","0","1"
"15298","What is the timezone in San Pedro de Atacama ?","9","2","1","0","1","1","2","0","0","0","1","0","3","0","0","0","0","0","0","0","0","0","0","0","1","0","1","0","0","0","0","1"
"15299","In which city does the Chile Route 68 end ?","9","2","1","0","1","1","1","0","0","0","1","0","2","0","0","0","0","0","0","1","0","0","0","0","1","1","0","0","0","0","0","1"
"15300","Who was vice president under the president who authorized atomic weapons against Japan during World War II ?","17","1","0","0","1","1","3","1","0","0","3","1","4","0","0","0","0","0","0","0","2","0","0","0","0","0","2","0","0","0","0","1"
"15302","Which anti-apartheid activist was born in Mvezo ?","7","2","1","0","1","0","1","1","0","0","1","0","1","0","0","0","0","0","0","0","1","0","1","0","0","1","0","0","0","0","0","1"
"15303","How many Golden Globe awards did the daughter of Henry Fonda win ?","12","2","1","0","1","1","1","1","0","0","1","1","4","0","0","0","0","0","0","1","1","0","0","0","0","0","0","0","1","0","1","0"
"15304","Which recipients of the Victoria Cross died in the Battle of Arnhem ?","12","2","1","0","1","2","3","0","0","0","1","1","3","0","0","0","0","0","0","0","1","0","0","0","0","1","0","0","0","0","0","1"
"15305","Where did the first man in space die ?","8","1","0","0","1","1","1","1","0","0","2","0","0","0","0","0","0","0","0","1","1","0","0","0","0","0","0","0","1","0","0","1"
"15306","How old was Steve Jobs' sister when she first met him ?","11","2","1","0","1","0","0","1","0","0","1","0","2","0","2","1","0","0","0","0","2","0","0","0","0","0","0","0","2","0","0","1"
"15307","Which members of the Wu-Tang Clan took their stage name from a movie ?","13","2","1","0","1","2","2","0","0","0","3","1","2","0","0","0","0","0","0","0","1","0","0","0","0","1","0","0","0","0","0","1"
"15308","Which writers had influenced the philosopher that refused a Nobel Prize ?","11","3","0","2","1","2","0","0","0","0","1","1","2","0","0","0","0","0","0","0","2","0","1","0","0","2","0","0","0","0","0","1"
"15310","Who composed the music for the film that depicts the early life of Jane Austin ?","15","2","0","1","1","3","2","1","0","0","3","0","2","0","0","0","0","0","0","0","0","0","1","0","1","1","1","0","0","0","0","1"
"15313","Which horses did The Long Fellow ride ?","7","1","0","0","1","1","0","1","0","0","1","1","1","0","0","0","0","0","0","0","1","0","0","0","0","1","0","0","0","0","0","1"
"15314","Of the people that died of radiation in Los Alamos, whose death was an accident ?","15","4","2","0","2","2","3","0","0","0","3","1","2","0","0","0","0","0","0","0","2","0","0","0","0","1","0","1","0","0","0","1"
"15315","Which building owned by the Bank of America was featured in the TV series MegaStructures ?","15","3","1","1","1","2","3","0","0","0","3","0","3","0","0","0","0","0","0","0","1","0","2","0","0","1","0","0","0","0","0","1"
"15316","Which buildings in art deco style did Shreve, Lamb and Harmon design ?","12","4","2","0","2","0","1","0","0","0","4","1","3","0","0","0","0","0","0","0","1","0","0","0","0","1","0","0","0","0","0","1"
"15317","Which birds are protected under the National Parks and Wildlife Act ?","11","1","0","1","0","1","1","0","0","0","0","1","4","0","0","0","0","0","0","0","0","0","1","1","0","1","0","0","0","0","0","1"
"15318","Which country did the first known photographer of snowflakes come from ?","11","2","0","1","1","1","2","2","0","0","1","1","1","0","0","0","0","0","0","0","1","0","1","0","0","1","0","0","0","0","0","1"
"15319","List all the battles commanded by the lover of Cleopatra. ?","10","1","0","0","1","2","2","0","0","0","1","1","1","0","0","0","0","0","0","1","0","0","1","0","0","0","0","0","0","0","0","1"
"15320","Are the Rosetta Stone and the Gayer-Andersen cat exhibited in the same museum ?","13","3","2","0","1","3","1","1","0","0","2","0","3","0","0","0","0","0","0","0","1","0","0","1","0","0","0","0","0","1","0","0"
"15321","Which actress starring in the TV series Friends owns the production company Coquette Productions ?","14","2","1","0","1","2","1","0","0","0","5","0","2","1","0","0","0","0","0","0","0","1","0","0","1","1","0","0","0","0","0","1"
"15322","Gaborone is the capital of which country member of the African Union ?","12","2","1","0","1","2","2","0","0","0","3","0","3","0","0","0","0","0","0","0","0","0","0","0","1","1","0","0","0","0","0","1"
"15323","When was the composer of the opera Madame Butterfly born ?","10","2","1","0","1","2","1","0","0","0","2","0","2","0","0","0","0","0","0","0","1","0","1","0","0","0","0","0","1","0","0","1"
"15325","For which movie did the daughter of Francis Ford Coppola receive an Oscar ?","13","2","1","0","1","2","2","0","0","0","2","0","4","0","0","0","0","0","0","0","1","0","0","1","0","1","0","0","0","0","0","1"
"15326","Which city does the first person to climb all 14 eight-thousanders come from ?","13","2","0","1","1","2","1","1","0","0","2","1","0","0","0","0","0","0","0","1","0","0","1","0","1","1","0","0","0","0","0","1"
"15327","At which college did the only American actor that received the C��sar Award study ?","14","1","0","0","1","2","1","2","0","0","6","0","0","0","0","0","0","0","0","0","2","0","0","0","0","2","0","0","0","0","0","1"
"15328","Did Napoleon's first wife die in France ?","7","2","1","0","1","0","1","1","0","0","1","0","2","0","0","0","0","0","0","1","1","0","0","0","0","0","0","0","0","1","0","0"
"15329","How old is James Bond in the latest Bond book by William Boyd ?","13","4","2","0","2","1","2","1","0","1","2","0","4","0","0","0","0","0","0","0","0","0","0","0","1","0","0","0","1","0","0","1"
"15331","What is the native city of Hollywood's highest-paid actress ?","9","2","0","1","1","1","1","2","0","0","2","0","1","0","0","0","0","0","0","0","0","0","0","0","1","0","1","0","0","0","0","1"
"15332","In which city does the former main presenter of the Xpos�� girls live ?","13","1","0","0","1","2","2","2","0","0","2","1","1","0","0","0","0","0","0","1","0","0","0","0","1","1","0","0","0","0","0","1"
"15333","Who plays Phileas Fogg in the adaptation of Around the World in 80 Days directed by Buzz Kulik ?","18","3","1","0","2","2","5","0","0","0","2","1","4","0","0","0","0","0","0","0","0","0","1","0","1","0","1","0","0","0","0","1"
"15334","Who is the front man of the band that wrote Coffee & TV ?","13","2","0","0","2","2","1","1","0","0","2","0","2","0","0","0","0","0","0","0","1","0","0","0","1","1","1","0","0","0","0","1"
"15335","Which Chinese-speaking country is a former Portguese colony ?","8","2","1","0","1","1","0","2","0","0","2","0","1","0","0","0","0","0","0","0","0","0","0","0","1","1","0","0","0","0","0","1"
"15336","What is the largest city in the county in which Faulkner spent most of his life ?","16","2","1","0","1","2","3","0","0","2","3","0","1","0","0","0","0","0","0","0","1","0","0","0","1","1","1","0","0","0","0","1"
"15337","In which year did the Hungarian-American actor called ""The King of Horror"" make his first film ?","16","2","0","1","1","2","2","2","0","0","3","0","2","0","0","0","0","0","0","1","1","0","1","0","0","1","0","0","0","0","0","1"
"15338","Under which pseudonym did Charles Dickens publish some of his books ?","11","2","1","0","1","1","2","0","0","0","1","1","2","0","0","0","0","0","0","1","1","0","0","0","0","1","0","0","0","0","0","1"
"15339","A landmark of which city is the home of the Mona Lisa ?","12","2","1","0","1","3","2","0","0","0","3","0","2","0","0","0","0","0","0","0","0","0","0","0","1","1","0","0","0","0","0","1"
