"ID","relnliodLogs","qanary_component-DiambiguationProperty-OKBQA","qanary_component-AnnotationofSpotProperty"
"10000","1.0","0.0","1.0"
"10001","1.0","",""
"10002","1.0","0.5","0.5"
"10003","1.0","1.0","1.0"
"10004","","0.5","0.0"
"10005","0.5","0.5","0.5"
"10006","","",""
"10007","","",""
"10008","1.0","0.0","0.0"
"10009","","",""
"10010","0.5","",""
"10011","1.0","1.0","1.0"
"10012","","",""
"10013","","0.0","1.0"
"10014","1.0","","0.0"
"10015","0.5","",""
"10016","","",""
"10017","","0.0",""
"10018","1.0","","1.0"
"10019","","",""
"10020","0.0","",""
"10021","0.0","",""
"10022","1.0","0.0",""
"10023","","",""
"10024","","0.0","0.0"
"10025","1.0","0.0","1.0"
"10026","0.0","",""
"10027","","",""
"10028","1.0","0.0","0.5"
"10029","1.0","0.0","0.0"
"10030","0.0","1.0","0.0"
"10031","0.0","","0.0"
"10032","","",""
"10033","0.0","0.0","0.0"
"10034","","",""
"10035","0.0","0.0","0.0"
"10036","1.0","0.0","0.0"
"10037","","",""
"10038","0.0","",""
"10039","","",""
"10040","1.0","0.0","1.0"
"10041","1.0","","1.0"
"10042","0.5","",""
"10043","0.0","0.0","0.0"
"10044","","",""
"10045","1.0","",""
"10046","0.0","",""
"10047","","","1.0"
"10048","","",""
"10049","","",""
"10050","0.0","0.0","0.0"
"10051","1.0","0.0","1.0"
"10052","","0.0",""
"10053","","",""
"10054","","",""
"10055","0.5","","0.5"
"10056","","",""
"10057","0.5","0.0","0.5"
"10058","","",""
"10059","","",""
"10060","1.0","1.0","1.0"
"10061","1.0","","0.0"
"10062","","",""
"10063","1.0","","1.0"
"10064","0.0","0.0","0.0"
"10065","0.0","",""
"10066","","",""
"10067","","",""
"10068","","",""
"10069","0.5","",""
"10070","","",""
"10071","","0.0","1.0"
"10072","0.0","",""
"10073","0.5","0.0","0.5"
"10074","1.0","0.0","1.0"
"10075","","0.0","0.0"
"10076","","0.0",""
"10077","0.0","0.0","0.0"
"10078","0.0","0.0","0.0"
"10079","0.5","0.0","0.0"
"10080","0.0","0.0","0.0"
"10081","0.0","",""
"10082","","0.0","1.0"
"10083","0.0","0.0","0.0"
"10084","","0.0","1.0"
"10085","0.0","0.0","0.0"
"10086","0.0","0.0",""
"10087","0.0","",""
"10088","1.0","","1.0"
"10089","0.0","",""
"10090","","",""
"10091","0.0","",""
"10092","","",""
"10093","","",""
"10094","1.0","1.0","1.0"
"10095","1.0","",""
"10096","1.0","0.0","0.0"
"10097","","",""
"10098","0.5","0.0","0.0"
"10099","0.0","",""
"10100","","0.0",""
"10101","","",""
"10102","1.0","1.0","1.0"
"10103","0.0","0.0","0.0"
"10104","0.0","0.0","0.0"
"10105","0.0","0.0",""
"10106","0.5","0.0",""
"10107","","0.0","1.0"
"10108","0.0","",""
"10109","","",""
"10110","","",""
"10111","","",""
"10112","","",""
"10113","0.0","","0.0"
"10114","1.0","0.5","0.5"
"10115","1.0","","1.0"
"10116","","",""
"10117","","0.0",""
"10118","","",""
"10119","1.0","0.0","0.0"
"10120","0.5","",""
"10121","0.5","",""
"10122","0.0","",""
"10123","1.0","",""
"10124","","",""
"10125","0.5","",""
"10126","","",""
"10127","1.0","1.0","1.0"
"10128","0.5","",""
"10129","1.0","0.0","1.0"
"10130","1.0","","1.0"
"10131","1.0","0.0","1.0"
"10132","","0.0",""
"10133","0.0","0.0","0.0"
"10134","1.0","0.0",""
"10135","","",""
"10136","","",""
"10137","0.0","0.0","0.0"
"10138","1.0","0.0","1.0"
"10139","1.0","",""
"10140","1.0","0.0","0.0"
"10141","","",""
"10142","","",""
"10143","","0.0","0.0"
"10144","1.0","0.0","0.0"
"10145","1.0","","1.0"
"10146","0.0","0.0",""
"10147","","",""
"10148","0.0","0.0","0.0"
"10149","0.0","0.0",""
"10150","","",""
"10151","1.0","1.0","1.0"
"10152","","0.0",""
"10153","0.0","1.0",""
"10154","","",""
"10155","","",""
"10156","","",""
"10157","1.0","1.0","1.0"
"10158","0.0","",""
"10159","0.0","",""
"10160","0.0","",""
"10161","","0.5","0.0"
"10162","1.0","0.0","1.0"
"10163","","0.0",""
"10164","","",""
"10165","1.0","0.0","1.0"
"10166","0.0","",""
"10167","1.0","","0.0"
"10168","","",""
"10169","","1.0","1.0"
"10170","0.5","0.0","0.5"
"10171","0.5","",""
"10172","0.0","0.0","0.0"
"10173","","",""
"10174","1.0","0.0",""
"10175","","",""
"10176","0.0","",""
"10177","","",""
"10178","","0.0",""
"10179","0.0","0.0","0.0"
"10180","","",""
"10181","0.0","",""
"10182","","",""
"10183","0.0","0.0","0.0"
"10184","","",""
"10185","0.0","0.0",""
"10186","0.0","",""
"10187","","",""
"10188","","",""
"10189","","",""
"10190","0.0","0.0","0.0"
"10191","0.0","0.5","0.0"
"10192","","0.0",""
"10193","1.0","0.0","1.0"
"10194","","",""
"10195","1.0","0.0","0.0"
"10196","","",""
"10197","1.0","0.0","1.0"
"10198","0.0","0.0","0.0"
"10199","1.0","",""
"10200","0.0","",""
"10201","0.0","",""
"10202","0.0","0.0","0.0"
"10203","1.0","",""
"10204","","",""
"10205","1.0","1.0","1.0"
"10206","0.0","",""
"10207","1.0","",""
"10208","1.0","0.0","0.0"
"10209","","",""
"10210","","",""
"10211","1.0","",""
"10212","","0.5","0.0"
"10213","0.0","","0.0"
"10214","0.0","1.0","1.0"
"10215","0.0","0.0","0.0"
"10216","","",""
"10217","0.5","",""
"10218","","",""
"10219","0.0","0.0",""
"10220","0.0","0.5",""
"10221","","0.0","0.0"
"10222","1.0","","1.0"
"10223","0.0","0.0","0.0"
"10224","0.0","0.0","0.0"
"10225","0.0","",""
"10226","","",""
"10227","0.0","",""
"10228","1.0","1.0","1.0"
"10229","","",""
"10230","","",""
"10231","1.0","","0.0"
"10232","","",""
"10233","","",""
"10234","","","0.0"
"10235","1.0","0.0",""
"10236","","",""
"10237","0.0","0.0","0.0"
"10238","0.0","1.0","1.0"
"10239","1.0","1.0","1.0"
"10240","0.0","0.0","0.0"
"10241","","",""
"10242","","0.0",""
"10243","","0.0","0.0"
"10244","0.5","0.0","0.5"
"10245","","",""
"10246","","",""
"10247","","","0.0"
"10248","0.0","0.0","0.0"
"10249","1.0","","1.0"
"10250","1.0","0.0","1.0"
"10251","","",""
"10252","0.0","0.0","0.0"
"10253","","",""
"10254","","",""
"10255","0.0","0.0","0.0"
"10256","0.0","",""
"10257","","",""
"10258","0.0","",""
"10259","0.5","0.5","0.5"
"10260","1.0","1.0","1.0"
"10261","","",""
"10262","","",""
"10263","0.0","0.0","0.0"
"10264","","",""
"10265","","",""
"10266","","0.0","0.0"
"10267","1.0","0.0","0.0"
"10268","1.0","1.0","1.0"
"10269","1.0","0.0","1.0"
"10270","1.0","0.0",""
"10271","","0.0",""
"10272","0.0","",""
"10273","","0.0",""
"10274","","",""
"10275","1.0","1.0","1.0"
"10276","","",""
"10277","0.5","0.5","0.0"
"10278","","",""
"10279","0.0","",""
"10280","","",""
"10281","0.0","",""
"10282","0.0","",""
"10283","","0.0",""
"10284","","1.0","1.0"
"10285","","0.0",""
"10286","1.0","0.0","0.5"
"10287","1.0","0.0","0.0"
"10288","","0.0",""
"10289","","",""
"10290","","0.0",""
"10291","1.0","",""
"10292","0.0","0.0",""
"10293","1.0","0.0","1.0"
"10294","0.5","",""
"10295","0.0","0.0",""
"10296","0.5","0.5","0.5"
"10297","0.0","",""
"10298","","0.0","0.0"
"10299","0.0","0.0","0.0"
"10300","","",""
"10301","","",""
"10302","0.0","0.0","0.0"
"10303","","",""
"10304","1.0","0.5","0.5"
"10305","0.0","","0.0"
"10306","0.0","0.0","0.0"
"10307","1.0","","1.0"
"10308","0.0","",""
"10309","0.0","0.0","0.0"
"10310","","0.0",""
"10311","1.0","0.0","1.0"
"10312","0.0","0.0","0.0"
"10313","","0.0","0.0"
"10314","","0.0","0.0"
"10315","0.5","",""
"10316","","",""
"10317","0.0","",""
"10318","1.0","0.0","0.0"
"10319","0.0","0.0","0.0"
"10320","","",""
"10321","0.0","0.0","0.0"
"10322","1.0","","0.0"
"10323","","",""
"10324","1.0","1.0","1.0"
"10325","","",""
"10326","","",""
"10327","1.0","",""
"10328","0.5","0.0","0.5"
"10329","","0.0","0.0"
"10330","0.0","",""
"10331","0.0","",""
"10332","","",""
"10333","","",""
"10334","0.0","0.0","0.0"
"10335","","",""
"10336","","",""
"10337","0.0","0.5","0.5"
"10338","0.0","",""
"10339","0.0","","0.0"
"10340","","",""
"10341","","0.0",""
"10342","1.0","1.0","1.0"
"10343","","",""
"10344","","0.0","1.0"
"10345","","","1.0"
"10346","0.0","0.0","0.0"
"10347","","",""
"10348","0.0","0.0","0.0"
"10349","0.0","1.0",""
"10350","","",""
"10351","","",""
"10352","","",""
"10353","","",""
"10354","","",""
"10355","0.0","",""
"10356","0.5","",""
"10357","1.0","0.0","0.0"
"10358","","0.0",""
"10359","","",""
"10360","","",""
"10361","0.0","0.0","0.0"
"10362","","","0.0"
"10363","1.0","1.0","1.0"
"10364","","",""
"10365","","0.0",""
"10366","","",""
"10367","1.0","0.0","0.0"
"10368","0.0","0.0","0.0"
"10369","0.0","0.0","0.0"
"10370","1.0","0.0","1.0"
"10371","","",""
"10372","0.5","",""
"10373","","0.0",""
"10374","","",""
"10375","","",""
"10376","1.0","","1.0"
"10377","0.0","0.0","0.0"
"10378","","",""
"10379","0.0","",""
"10380","0.0","0.0","0.0"
"10381","","",""
"10382","1.0","",""
"10383","0.5","0.0",""
"10384","1.0","",""
"10385","","0.0","0.5"
"10386","","",""
"10387","","",""
"10388","0.0","0.0","0.5"
"10389","1.0","0.0","1.0"
"10390","0.0","",""
"10391","","",""
"10392","0.5","",""
"10393","0.5","0.0","0.5"
"10394","0.0","","0.0"
"10395","","",""
"10396","0.5","",""
"10397","0.0","",""
"10398","1.0","",""
"10399","0.5","0.5",""
"10400","","0.0",""
"10401","1.0","0.0","0.0"
"10402","1.0","1.0","1.0"
"10403","1.0","1.0","1.0"
"10404","","1.0","0.0"
"10405","1.0","0.0","1.0"
"10406","","",""
"10407","0.0","0.0","0.0"
"10408","1.0","0.0","1.0"
"10409","1.0","",""
"10410","1.0","1.0","1.0"
"10411","","0.0","0.5"
"10412","1.0","0.0","0.0"
"10413","","","0.0"
"10414","1.0","","1.0"
"10415","","",""
"10416","0.0","0.0","0.0"
"10417","","",""
"10418","0.5","0.0","0.5"
"10419","","",""
"10420","0.0","",""
"10421","","",""
"10422","1.0","0.0",""
"10423","0.0","0.0",""
"10424","1.0","0.0","1.0"
"10425","0.0","",""
"10426","0.0","",""
"10427","","",""
"10428","","0.0","0.0"
"10429","","0.0","0.0"
"10430","0.0","0.0","1.0"
"10431","","0.0","0.0"
"10432","0.5","0.0","0.0"
"10433","0.0","",""
"10434","0.0","",""
"10435","0.5","0.0","0.0"
"10436","","",""
"10437","1.0","","1.0"
"10438","0.0","","0.5"
"10439","0.0","0.5","0.0"
"10440","0.5","0.0","0.0"
"10441","1.0","1.0","1.0"
"10442","0.5","",""
"10443","0.5","0.0","0.0"
"10444","0.0","0.0","0.0"
"10445","0.0","0.0",""
"10446","0.0","",""
"10447","","",""
"10448","1.0","",""
"10449","0.5","0.5","0.0"
"10450","","",""
"10451","","",""
"10452","0.5","0.0","0.5"
"10453","1.0","",""
"10454","","",""
"10455","0.0","",""
"10456","","",""
"10457","","",""
"10458","1.0","0.0","0.0"
"10459","","",""
"10460","","",""
"10461","0.0","0.5","0.0"
"10462","","",""
"10463","","",""
"10464","0.5","0.0","0.5"
"10465","","",""
"10466","","0.0",""
"10467","1.0","1.0","1.0"
"10468","","",""
"10469","1.0","",""
"10470","0.5","0.0","0.5"
"10471","0.5","0.0","0.0"
"10472","0.5","0.0",""
"10473","","",""
"10474","","",""
"10475","","0.0","0.0"
"10476","","",""
"10477","0.0","0.0","0.5"
"10478","","",""
"10479","","",""
"10480","0.0","0.0","0.0"
"10481","","",""
"10482","","",""
"10483","","","0.0"
"10484","","",""
"10485","","0.0",""
"10486","","",""
"10487","","",""
"10488","1.0","",""
"10489","","",""
"10490","","",""
"10491","0.5","","0.5"
"10492","","",""
"10493","0.0","0.0",""
"10494","0.5","0.0","0.5"
"10495","","",""
"10496","","",""
"10497","","",""
"10498","1.0","0.0","0.0"
"10499","0.0","0.0",""
"10500","0.5","",""
"10501","0.0","","0.0"
"10502","","",""
"10503","1.0","","1.0"
"10504","0.5","0.0","0.5"
"10505","0.0","0.0",""
"10506","0.5","","0.5"
"10507","","",""
"10508","","",""
"10509","0.0","0.0","0.0"
"10510","","",""
"10511","0.5","0.0","0.5"
"10512","0.5","0.0",""
"10513","0.0","1.0","1.0"
"10514","1.0","",""
"10515","","",""
"10516","1.0","",""
"10517","0.0","0.0","0.0"
"10518","","",""
"10519","","",""
"10520","","",""
"10521","","",""
"10522","","1.0",""
"10523","","0.0",""
"10524","","",""
"10525","","",""
"10526","","0.0",""
"10527","0.5","0.0","0.0"
"10528","0.0","0.0","0.0"
"10529","","0.0",""
"10530","","",""
"10531","1.0","1.0","1.0"
"10532","","",""
"10533","","",""
"10534","","",""
"10535","0.0","0.0","0.0"
"10536","0.0","0.0","0.0"
"10537","","",""
"10538","1.0","",""
"10539","1.0","1.0","1.0"
"10540","","",""
"10541","0.0","0.0","0.0"
"10542","0.5","",""
"10543","","",""
"10544","0.0","0.0","0.0"
"10545","0.0","",""
"10546","0.0","0.0",""
"10547","1.0","",""
"10548","","1.0",""
"10549","0.5","0.0","0.5"
"10550","0.5","0.0","0.0"
"10551","","0.0",""
"10552","","",""
"10553","0.5","",""
"10554","","",""
"10555","","",""
"10556","1.0","",""
"10557","1.0","0.0","0.0"
"10558","","0.0","0.0"
"10559","","",""
"10560","0.0","0.0","0.0"
"10561","","",""
"10562","0.0","0.0","0.0"
"10563","0.0","1.0","1.0"
"10564","0.5","0.0","0.0"
"10565","","",""
"10566","","1.0",""
"10567","","",""
"10568","","0.0","1.0"
"10569","","0.0",""
"10570","0.0","0.0","0.0"
"10571","0.0","0.0","0.0"
"10572","","0.0",""
"10573","0.0","",""
"10574","0.0","1.0",""
"10575","1.0","1.0","1.0"
"10576","","0.0",""
"10577","0.5","",""
"10578","1.0","0.0","1.0"
"10579","0.0","",""
"10580","","",""
"10581","","0.0",""
"10582","0.0","","0.0"
"10583","0.0","",""
"10584","1.0","",""
"10585","","0.0","0.0"
"10586","0.5","0.0","0.5"
"10587","0.0","0.0","0.0"
"10588","0.0","",""
"10589","0.0","1.0","0.0"
"10590","0.0","0.0","0.0"
"10591","","0.0",""
"10592","","",""
"10593","","0.0",""
"10594","","",""
"10595","0.0","",""
"10596","1.0","",""
"10597","0.0","0.5",""
"10598","","",""
"10599","1.0","0.0","1.0"
"10600","","0.0",""
"10601","0.0","0.0","0.0"
"10602","1.0","0.0","1.0"
"10603","0.0","0.0",""
"10604","1.0","0.0",""
"10605","","",""
"10606","","",""
"10607","","",""
"10608","","",""
"10609","0.0","0.0",""
"10610","","",""
"10611","","0.0",""
"10612","0.0","1.0","0.0"
"10613","","",""
"10614","","",""
"10615","0.0","",""
"10616","","",""
"10617","","",""
"10618","","",""
"10619","1.0","",""
"10620","","",""
"10621","0.0","0.0","0.5"
"10622","","0.0","0.5"
"10623","","1.0","1.0"
"10624","0.5","0.0","0.0"
"10625","0.5","0.0","0.0"
"10626","","",""
"10627","1.0","",""
"10628","","1.0",""
"10629","","0.0","0.0"
"10630","","",""
"10631","0.0","0.0","0.0"
"10632","","0.0","0.0"
"10633","","",""
"10634","","","0.0"
"10635","0.0","",""
"10636","1.0","",""
"10637","0.0","",""
"10638","0.0","0.0","0.5"
"10639","","",""
"10640","0.5","0.0","0.5"
"10641","0.0","",""
"10642","","",""
"10643","","",""
"10644","1.0","0.0","0.5"
"10645","0.0","",""
"10646","","1.0",""
"10647","","",""
"10648","","",""
"10649","0.5","",""
"10650","0.0","",""
"10651","0.0","0.5","0.0"
"10652","","",""
"10653","","",""
"10654","0.0","0.0","0.0"
"10655","","",""
"10656","0.0","0.0","0.0"
"10657","1.0","0.0","1.0"
"10658","","",""
"10659","1.0","0.0","1.0"
"10660","1.0","0.0",""
"10661","1.0","",""
"10662","0.0","0.0","0.0"
"10663","","",""
"10664","0.5","0.0","0.0"
"10665","","0.0","0.0"
"10666","","",""
"10667","","",""
"10668","1.0","",""
"10669","0.0","0.0",""
"10670","","",""
"10671","0.0","","0.0"
"10672","","",""
"10673","0.0","",""
"10674","","1.0","1.0"
"10675","","",""
"10676","","0.0",""
"10677","","",""
"10678","0.0","0.0","0.0"
"10679","","",""
"10680","0.0","",""
"10681","0.0","","0.0"
"10682","1.0","",""
"10683","","0.0",""
"10684","0.5","0.5","0.5"
"10685","","",""
"10686","1.0","0.0","1.0"
"10687","0.5","0.0",""
"10688","","",""
"10689","0.5","0.0","0.5"
"10690","","",""
"10691","1.0","1.0","1.0"
"10692","0.0","0.0","0.0"
"10693","","0.0",""
"10694","","",""
"10695","","",""
"10696","1.0","0.0","1.0"
"10697","1.0","1.0","1.0"
"10698","","0.0",""
"10699","","",""
"10700","1.0","1.0","1.0"
"10701","","",""
"10702","0.0","0.0",""
"10703","","",""
"10704","","",""
"10705","0.0","0.0","0.0"
"10706","0.0","0.0",""
"10707","","",""
"10708","","0.0",""
"10709","","",""
"10710","","",""
"10711","0.0","0.0",""
"10712","","0.0",""
"10713","","",""
"10714","","1.0",""
"10715","0.0","0.0",""
"10716","","",""
"10717","0.0","0.0",""
"10718","","0.0",""
"10719","","",""
"10720","0.5","0.0",""
"10721","1.0","0.0","1.0"
"10722","0.0","0.0","0.0"
"10723","","",""
"10724","0.0","",""
"10725","1.0","","1.0"
"10726","","",""
"10727","","0.0","1.0"
"10728","0.0","0.5",""
"10729","0.0","",""
"10730","0.0","",""
"10731","0.5","",""
"10732","0.0","0.0","0.0"
"10733","1.0","0.5","0.5"
"10734","","",""
"10735","","1.0",""
"10736","","0.0","0.0"
"10737","0.0","0.0","0.0"
"10738","","0.0",""
"10739","","0.0",""
"10740","0.5","","0.5"
"10741","","",""
"10742","1.0","1.0","1.0"
"10743","","0.0",""
"10744","0.0","",""
"10745","","",""
"10746","","0.0","0.0"
"10747","1.0","",""
"10748","1.0","0.0","1.0"
"10749","","",""
"10750","","",""
"10751","","",""
"10752","","",""
"10753","","0.0",""
"10754","","",""
"10755","0.0","1.0",""
"10756","","0.0","0.0"
"10757","","0.0",""
"10758","0.0","0.0","0.0"
"10759","","",""
"10760","0.0","",""
"10761","0.0","0.0","0.0"
"10762","1.0","",""
"10763","1.0","1.0","1.0"
"10764","0.0","",""
"10765","0.5","0.0","0.5"
"10766","0.0","",""
"10767","","",""
"10768","","",""
"10769","0.0","","0.0"
"10770","","",""
"10771","0.5","",""
"10772","","",""
"10773","","",""
"10774","0.0","0.0","0.0"
"10775","","",""
"10776","","0.0",""
"10777","0.0","1.0","0.0"
"10778","","",""
"10779","0.0","0.0",""
"10780","","",""
"10781","0.0","0.0","0.0"
"10782","0.0","",""
"10783","0.0","0.0","0.0"
"10784","","",""
"10785","","",""
"10786","0.0","1.0","0.0"
"10787","","",""
"10788","0.0","0.0","0.0"
"10789","0.0","0.0","0.0"
"10790","0.0","",""
"10791","1.0","0.0","0.0"
"10792","1.0","","1.0"
"10793","","",""
"10794","0.5","0.0","0.5"
"10795","","",""
"10796","1.0","0.0","1.0"
"10797","0.0","",""
"10798","0.5","",""
"10799","0.0","0.0","0.0"
"10800","0.0","","0.0"
"10801","1.0","",""
"10802","0.0","0.0","0.0"
"10803","","",""
"10804","0.0","",""
"10805","","1.0",""
"10806","","",""
"10807","0.5","0.0","0.5"
"10808","0.0","",""
"10809","0.0","0.0",""
"10810","","",""
"10811","1.0","",""
"10812","","",""
"10813","","",""
"10814","","",""
"10815","0.0","",""
"10816","1.0","0.0","1.0"
"10817","","",""
"10818","","",""
"10819","","",""
"10820","","",""
"10821","","",""
"10822","","0.0",""
"10823","","",""
"10824","","",""
"10825","0.5","",""
"10826","0.0","",""
"10827","1.0","",""
"10828","","0.0","0.0"
"10829","1.0","1.0","1.0"
"10830","1.0","1.0","1.0"
"10831","1.0","0.0","1.0"
"10832","0.0","0.0","0.0"
"10833","1.0","0.0","0.0"
"10834","0.0","","0.0"
"10835","1.0","",""
"10836","0.0","",""
"10837","1.0","0.0","0.5"
"10838","","",""
"10839","","0.0",""
"10840","","",""
"10841","0.0","0.0","0.0"
"10842","","",""
"10843","0.0","1.0",""
"10844","0.0","","0.0"
"10845","","",""
"10846","","0.0",""
"10847","0.5","",""
"10848","0.5","0.0","0.0"
"10849","","1.0","1.0"
"10850","0.0","0.5",""
"10851","0.0","0.0","0.0"
"10852","","",""
"10853","1.0","0.0","1.0"
"10854","","",""
"10855","1.0","1.0","1.0"
"10856","0.0","0.0","0.0"
"10857","0.0","0.0","0.5"
"10858","0.5","0.0","0.0"
"10859","1.0","",""
"10860","0.0","0.0","0.0"
"10861","","",""
"10862","0.0","0.0","0.0"
"10863","0.0","0.0","0.0"
"10864","0.0","0.0",""
"10865","","",""
"10866","0.5","0.0","0.5"
"10867","","",""
"10868","","",""
"10869","","",""
"10870","","",""
"10871","0.0","","0.0"
"10872","0.0","",""
"10873","0.5","",""
"10874","","",""
"10875","0.5","","0.5"
"10876","0.0","",""
"10877","","",""
"10878","","",""
"10879","","",""
"10880","0.5","0.5","0.5"
"10881","","",""
"10882","","",""
"10883","0.5","0.0","0.5"
"10884","0.5","","0.5"
"10885","0.5","",""
"10886","","0.0",""
"10887","0.5","0.0","0.5"
"10888","1.0","1.0","1.0"
"10889","1.0","",""
"10890","","0.0","0.0"
"10891","","",""
"10892","","",""
"10893","0.0","1.0","1.0"
"10894","0.0","0.0","0.0"
"10895","0.0","0.0","0.0"
"10896","","",""
"10897","0.0","0.0","0.0"
"10898","0.0","0.0","0.0"
"10899","0.0","",""
"10900","0.0","",""
"10901","","",""
"10902","","",""
"10903","","",""
"10904","","",""
"10905","","",""
"10906","","",""
"10907","","0.0",""
"10908","1.0","1.0","1.0"
"10909","0.0","0.0","0.0"
"10910","","",""
"10911","0.0","0.0","0.0"
"10912","","",""
"10913","0.5","",""
"10914","","",""
"10915","1.0","1.0","1.0"
"10916","","",""
"10917","0.0","",""
"10918","","",""
"10919","","",""
"10920","0.0","0.0","0.0"
"10921","0.0","1.0","0.0"
"10922","1.0","","0.0"
"10923","0.0","",""
"10924","0.0","","0.5"
"10925","","",""
"10926","0.0","0.0","0.0"
"10927","0.0","1.0",""
"10928","","",""
"10929","","",""
"10930","","1.0","0.0"
"10931","","",""
"10932","0.0","","0.0"
"10933","0.0","",""
"10934","","",""
"10935","1.0","0.0","1.0"
"10936","0.0","",""
"10937","","0.0",""
"10938","","",""
"10939","","",""
"10940","1.0","0.0","1.0"
"10941","","",""
"10942","1.0","0.0","1.0"
"10943","","",""
"10944","1.0","",""
"10945","0.5","",""
"10946","","",""
"10947","","",""
"10948","","",""
"10949","","",""
"10950","0.0","0.0",""
"10951","0.0","0.0",""
"10952","","",""
"10953","0.0","",""
"10954","0.0","0.0",""
"10955","1.0","1.0","1.0"
"10956","","",""
"10957","","0.0","0.5"
"10958","0.0","0.0","0.0"
"10959","0.0","0.0",""
"10960","","",""
"10961","1.0","",""
"10962","0.5","0.0","0.0"
"10963","0.0","0.0","0.0"
"10964","","0.0","0.0"
"10965","1.0","1.0","1.0"
"10966","1.0","",""
"10967","0.0","0.5","0.0"
"10968","","",""
"10969","1.0","0.0","1.0"
"10970","","",""
"10971","","",""
"10972","","",""
"10973","0.0","1.0","0.0"
"10974","0.0","",""
"10975","","",""
"10976","","0.0","0.0"
"10977","1.0","0.0","1.0"
"10978","","",""
"10979","1.0","",""
"10980","0.0","",""
"10981","","",""
"10982","0.0","0.0",""
"10983","0.0","",""
"10984","1.0","0.0","1.0"
"10985","","",""
"10986","1.0","",""
"10987","","",""
"10988","","",""
"10989","1.0","0.0","0.5"
"10990","0.0","0.0","0.0"
"10991","0.0","",""
"10992","1.0","0.0",""
"10993","0.0","0.0","0.0"
"10994","","0.0",""
"10995","1.0","0.0","1.0"
"10996","","",""
"10997","0.5","",""
"10998","","",""
"10999","","",""
"11000","1.0","0.0","1.0"
"11001","","",""
"11002","1.0","0.0","0.0"
"11003","","",""
"11004","0.0","0.0","0.0"
"11005","1.0","0.0","0.0"
"11006","0.0","0.0","0.0"
"11007","","",""
"11008","0.0","0.0",""
"11009","0.0","0.0","0.5"
"11010","","","1.0"
"11011","1.0","1.0","1.0"
"11012","1.0","1.0","1.0"
"11013","1.0","1.0","1.0"
"11014","1.0","",""
"11015","1.0","0.0","1.0"
"11016","0.0","0.0",""
"11017","","",""
"11018","","",""
"11019","","",""
"11020","1.0","1.0","1.0"
"11021","","0.0","0.0"
"11022","","",""
"11023","","",""
"11024","","",""
"11025","0.0","0.0","0.0"
"11026","1.0","0.0","1.0"
"11027","1.0","1.0","1.0"
"11028","","",""
"11029","0.0","",""
"11030","0.0","0.0","0.0"
"11031","","",""
"11032","1.0","0.0","0.0"
"11033","","",""
"11034","0.0","",""
"11035","0.5","0.0","0.0"
"11036","1.0","",""
"11037","","0.0",""
"11038","1.0","1.0","1.0"
"11039","0.0","0.0","0.0"
"11040","0.0","0.0",""
"11041","","",""
"11042","1.0","","0.0"
"11043","0.0","0.0","0.0"
"11044","","",""
"11045","1.0","0.0",""
"11046","0.0","",""
"11047","","",""
"11048","0.0","0.0","0.0"
"11049","1.0","","1.0"
"11050","","",""
"11051","0.0","",""
"11052","","","0.0"
"11053","1.0","0.0","1.0"
"11054","","",""
"11055","1.0","1.0","1.0"
"11056","","1.0","1.0"
"11057","1.0","0.0",""
"11058","0.0","0.0",""
"11059","","0.0","0.0"
"11060","0.0","",""
"11061","","",""
"11062","1.0","0.0","0.5"
"11063","","",""
"11064","0.5","",""
"11065","0.0","0.0","0.0"
"11066","1.0","0.0","1.0"
"11067","1.0","",""
"11068","0.0","1.0","0.0"
"11069","","",""
"11070","0.0","",""
"11071","0.0","",""
"11072","","",""
"11073","0.0","",""
"11074","","",""
"11075","0.5","0.0","0.5"
"11076","","",""
"11077","0.0","0.0","0.0"
"11078","1.0","0.0","1.0"
"11079","1.0","0.0","1.0"
"11080","1.0","0.0","0.0"
"11081","","",""
"11082","","0.0","0.0"
"11083","","",""
"11084","","0.0",""
"11085","","0.5",""
"11086","1.0","0.0","0.0"
"11087","","0.0",""
"11088","1.0","1.0","0.5"
"11089","0.0","0.0","0.0"
"11090","","",""
"11091","0.5","",""
"11092","","",""
"11093","0.5","",""
"11094","","0.0",""
"11095","0.0","",""
"11096","1.0","0.0","0.0"
"11097","0.0","",""
"11098","","1.0",""
"11099","","",""
"11100","0.0","0.5","0.5"
"11101","","",""
"11102","","",""
"11103","0.5","0.0","0.0"
"11104","1.0","0.0","1.0"
"11105","0.0","","0.0"
"11106","0.0","",""
"11107","","",""
"11108","0.0","0.0","0.0"
"11109","","",""
"11110","0.5","",""
"11111","0.5","","0.5"
"11112","0.0","0.0","0.0"
"11113","","",""
"11114","","",""
"11115","","",""
"11116","0.0","1.0",""
"11117","","1.0",""
"11118","0.5","0.0","0.0"
"11119","","",""
"11120","","",""
"11121","","",""
"11122","0.0","0.0","0.0"
"11123","0.0","0.0","0.0"
"11124","0.5","0.0","0.5"
"11125","0.0","","0.5"
"11126","0.5","","0.5"
"11127","0.5","",""
"11128","0.0","","1.0"
"11129","","",""
"11130","0.5","0.0","0.5"
"11131","1.0","1.0","1.0"
"11132","","",""
"11133","0.0","",""
"11134","0.0","0.0","0.0"
"11135","1.0","0.0","1.0"
"11136","","",""
"11137","0.0","0.0","0.0"
"11138","0.0","0.0","0.0"
"11139","0.0","",""
"11140","0.5","0.0","0.5"
"11141","0.0","0.0","0.0"
"11142","","",""
"11143","","",""
"11144","","",""
"11145","0.5","",""
"11146","0.5","0.0","0.5"
"11147","0.5","0.5","0.5"
"11148","1.0","",""
"11149","1.0","0.0","1.0"
"11150","0.0","","0.0"
"11151","1.0","1.0","1.0"
"11152","","",""
"11153","","",""
"11154","","",""
"11155","","0.0","0.0"
"11156","0.0","",""
"11157","1.0","0.0","1.0"
"11158","","",""
"11159","","",""
"11160","","",""
"11161","","",""
"11162","","",""
"11163","","0.0",""
"11164","0.0","0.0",""
"11165","","",""
"11166","","",""
"11167","1.0","0.0","0.0"
"11168","","",""
"11169","0.0","",""
"11170","","",""
"11171","0.0","",""
"11172","","",""
"11173","","0.0",""
"11174","0.0","",""
"11175","0.5","",""
"11176","","0.0","0.0"
"11177","","0.0",""
"11178","0.0","0.0",""
"11179","","",""
"11180","","0.0","0.0"
"11181","0.5","0.0","0.5"
"11182","1.0","1.0","1.0"
"11183","","",""
"11184","0.0","1.0","1.0"
"11185","","",""
"11186","0.0","",""
"11187","","0.0",""
"11188","0.0","0.0","0.0"
"11189","","","0.0"
"11190","0.0","0.0",""
"11191","","0.0","0.0"
"11192","","","0.0"
"11193","","",""
"11194","","0.0","0.0"
"11195","0.0","",""
"11196","","",""
"11197","0.0","0.0","0.0"
"11198","0.5","0.0","0.5"
"11199","","",""
"11200","1.0","0.0","1.0"
"11201","0.0","",""
"11202","1.0","",""
"11203","","",""
"11204","1.0","",""
"11205","0.0","1.0","0.0"
"11206","1.0","1.0","1.0"
"11207","","",""
"11208","","",""
"11209","0.0","",""
"11210","0.5","0.0","0.0"
"11211","0.0","","0.0"
"11212","0.0","0.0","0.0"
"11213","","",""
"11214","0.0","1.0",""
"11215","","",""
"11216","1.0","",""
"11217","0.0","",""
"11218","0.0","",""
"11219","1.0","",""
"11220","0.0","0.0","0.0"
"11221","0.5","0.0","0.5"
"11222","","",""
"11223","","",""
"11224","","0.0",""
"11225","1.0","",""
"11226","","",""
"11227","1.0","0.0","1.0"
"11228","","",""
"11229","0.0","0.0","0.0"
"11230","0.0","",""
"11231","","1.0",""
"11232","1.0","0.0","0.0"
"11233","0.0","",""
"11234","0.0","0.0","0.0"
"11235","","",""
"11236","1.0","",""
"11237","","",""
"11238","1.0","",""
"11239","","",""
"11240","","0.0",""
"11241","1.0","0.0","1.0"
"11242","0.0","0.0","0.0"
"11243","1.0","1.0","1.0"
"11244","0.0","0.0","0.5"
"11245","0.5","","0.5"
"11246","","",""
"11247","","",""
"11248","","",""
"11249","","",""
"11250","","0.0",""
"11251","","",""
"11252","","0.0","0.0"
"11253","","",""
"11254","","",""
"11255","0.0","",""
"11256","0.0","",""
"11257","1.0","",""
"11258","1.0","0.0","1.0"
"11259","","",""
"11260","","0.0",""
"11261","","",""
"11262","","",""
"11263","","",""
"11264","1.0","",""
"11265","","",""
"11266","","",""
"11267","","",""
"11268","","",""
"11269","0.0","0.0","0.0"
"11270","","",""
"11271","1.0","",""
"11272","0.5","0.0","0.5"
"11273","","",""
"11274","0.5","0.5","1.0"
"11275","","",""
"11276","0.0","1.0","0.0"
"11277","","0.0","0.0"
"11278","","0.0","0.0"
"11279","1.0","0.5","1.0"
"11280","","",""
"11281","","",""
"11282","","",""
"11283","0.5","",""
"11284","","",""
"11285","","0.0","0.0"
"11286","0.0","0.0","0.0"
"11287","","",""
"11288","0.0","",""
"11289","1.0","0.0","1.0"
"11290","0.5","0.0",""
"11291","","",""
"11292","","",""
"11293","","0.0","0.0"
"11294","","",""
"11295","1.0","0.0","1.0"
"11296","0.0","",""
"11297","","",""
"11298","1.0","0.0",""
"11299","1.0","0.0","0.5"
"11300","","","0.0"
"11301","0.0","0.0","0.0"
"11302","1.0","","1.0"
"11303","0.5","",""
"11304","","",""
"11305","","",""
"11306","","",""
"11307","","0.0",""
"11308","0.0","0.0","0.0"
"11309","","",""
"11310","","",""
"11311","","",""
"11312","","",""
"11313","","",""
"11314","","0.0",""
"11315","0.0","","1.0"
"11316","0.0","","0.0"
"11317","1.0","0.0","1.0"
"11318","0.5","0.5",""
"11319","1.0","",""
"11320","","0.0",""
"11321","","",""
"11322","","1.0",""
"11323","","0.0",""
"11324","0.0","","0.0"
"11325","1.0","1.0","1.0"
"11326","0.0","",""
"11327","","",""
"11328","0.0","",""
"11329","","",""
"11330","","",""
"11331","","",""
"11332","0.0","0.0","0.0"
"11333","1.0","1.0","1.0"
"11334","0.0","",""
"11335","0.0","1.0",""
"11336","0.0","",""
"11337","","",""
"11338","","",""
"11339","","",""
"11340","0.0","0.0","0.0"
"11341","0.0","0.0","1.0"
"11342","","1.0",""
"11343","","",""
"11344","","",""
"11345","","1.0",""
"11346","1.0","0.0","1.0"
"11347","0.0","",""
"11348","0.0","0.0","0.0"
"11349","","0.0",""
"11350","","",""
"11351","","",""
"11352","0.5","","0.5"
"11353","","0.0",""
"11354","0.5","0.0","0.5"
"11355","0.0","0.0","0.0"
"11356","1.0","",""
"11357","1.0","",""
"11358","","1.0",""
"11359","0.5","0.0","0.5"
"11360","","",""
"11361","0.5","0.0","0.0"
"11362","1.0","1.0","1.0"
"11363","","",""
"11364","","0.0","0.0"
"11365","","",""
"11366","0.0","",""
"11367","","",""
"11368","0.5","","0.5"
"11369","1.0","1.0","1.0"
"11370","0.5","0.5","0.0"
"11371","0.0","0.0","0.0"
"11372","1.0","",""
"11373","0.0","0.0","0.0"
"11374","0.0","",""
"11375","","",""
"11376","0.5","",""
"11377","0.0","",""
"11378","0.0","0.0",""
"11379","","0.0","1.0"
"11380","","",""
"11381","","",""
"11382","","",""
"11383","","",""
"11384","","",""
"11385","0.0","0.0",""
"11386","1.0","1.0",""
"11387","0.5","","0.5"
"11388","0.5","0.5","0.5"
"11389","0.0","0.0","0.0"
"11390","","1.0",""
"11391","","",""
"11392","0.0","0.0","0.0"
"11393","0.0","",""
"11394","0.0","0.0","0.0"
"11395","0.0","1.0","0.0"
"11396","1.0","1.0","0.0"
"11397","","",""
"11398","","",""
"11399","0.0","0.0","0.0"
"11400","1.0","0.0","1.0"
"11401","","1.0","1.0"
"11402","1.0","0.0","0.0"
"11403","0.5","","0.5"
"11404","","0.0",""
"11405","0.0","0.0","1.0"
"11406","","0.0",""
"11407","0.0","0.0",""
"11408","","",""
"11409","","",""
"11410","","0.0",""
"11411","","0.0",""
"11412","","",""
"11413","0.0","0.0","0.0"
"11414","","",""
"11415","1.0","0.0","1.0"
"11416","1.0","0.0","0.5"
"11417","","",""
"11418","1.0","0.0",""
"11419","","",""
"11420","","",""
"11421","0.0","0.0",""
"11422","","1.0",""
"11423","0.0","0.0","0.0"
"11424","","",""
"11425","0.0","",""
"11426","","",""
"11427","","",""
"11428","","",""
"11429","","0.0","0.0"
"11430","0.0","0.0","0.0"
"11431","0.0","0.0","0.0"
"11432","0.0","0.0","0.0"
"11433","0.0","1.0","0.0"
"11434","1.0","1.0","1.0"
"11435","0.0","0.0","0.0"
"11436","0.0","",""
"11437","0.0","0.0",""
"11438","0.0","",""
"11439","1.0","",""
"11440","","0.0",""
"11441","1.0","0.0","1.0"
"11442","0.0","",""
"11443","","",""
"11444","1.0","",""
"11445","0.0","0.0","0.0"
"11446","","",""
"11447","","",""
"11448","","0.0",""
"11449","","",""
"11450","1.0","0.0","1.0"
"11451","0.5","",""
"11452","","",""
"11453","","",""
"11454","0.5","",""
"11455","","",""
"11456","","",""
"11457","0.0","",""
"11458","0.5","",""
"11459","","",""
"11460","0.0","0.0","0.0"
"11461","0.0","0.0","0.0"
"11462","","0.0",""
"11463","","",""
"11464","","",""
"11465","0.0","",""
"11466","","",""
"11467","","1.0","1.0"
"11468","","",""
"11469","","",""
"11470","0.0","0.0",""
"11471","1.0","",""
"11472","1.0","1.0","1.0"
"11473","0.0","0.0","0.0"
"11474","0.5","0.0","0.5"
"11475","0.5","",""
"11476","0.5","0.0","0.0"
"11477","","",""
"11478","1.0","",""
"11479","","",""
"11480","","0.5",""
"11481","","",""
"11482","0.0","",""
"11483","0.0","","0.0"
"11484","0.0","0.0","0.0"
"11485","0.0","0.0","0.0"
"11486","0.5","",""
"11487","0.0","",""
"11488","0.0","","0.5"
"11489","1.0","",""
"11490","","",""
"11491","0.0","0.0","0.0"
"11492","","",""
"11493","1.0","1.0","1.0"
"11494","0.5","0.0","0.5"
"11495","","",""
"11496","","",""
"11497","","",""
"11498","","0.0",""
"11499","","0.0","0.0"
"11500","1.0","1.0","1.0"
"11501","","",""
"11502","","",""
"11503","","",""
"11504","","",""
"11505","","0.0","1.0"
"11506","1.0","",""
"11507","","0.0",""
"11508","","",""
"11509","","1.0",""
"11510","","",""
"11511","","",""
"11512","1.0","0.0","1.0"
"11513","","",""
"11514","0.0","",""
"11515","","0.0","0.0"
"11516","0.0","0.0","0.0"
"11517","","",""
"11518","","0.0",""
"11519","0.0","",""
"11520","0.5","",""
"11521","0.0","",""
"11522","1.0","0.0","0.0"
"11523","0.0","0.0","0.0"
"11524","","",""
"11525","","0.5",""
"11526","0.5","0.0",""
"11527","","",""
"11528","0.5","0.0","0.5"
"11529","","0.0",""
"11530","","0.0",""
"11531","","0.0",""
"11532","0.5","","0.5"
"11533","","",""
"11534","0.0","",""
"11535","","",""
"11536","","",""
"11537","0.0","",""
"11538","1.0","1.0","1.0"
"11539","","",""
"11540","","",""
"11541","0.0","0.0","0.0"
"11542","","",""
"11543","","",""
"11544","","0.0",""
"11545","","",""
"11546","","0.0","0.0"
"11547","","0.0",""
"11548","","",""
"11549","","",""
"11550","","",""
"11551","","",""
"11552","","",""
"11553","","",""
"11554","1.0","",""
"11555","","",""
"11556","1.0","",""
"11557","","",""
"11558","","",""
"11559","1.0","0.0",""
"11560","","",""
"11561","","",""
"11562","0.0","1.0","0.0"
"11563","","",""
"11564","0.5","0.5","0.5"
"11565","0.0","0.0",""
"11566","0.0","0.0","0.0"
"11567","0.0","",""
"11568","0.0","1.0","0.0"
"11569","0.0","",""
"11570","1.0","0.0","1.0"
"11571","0.0","0.0","0.0"
"11572","","",""
"11573","","",""
"11574","0.5","0.0","0.5"
"11575","","1.0",""
"11576","0.5","0.0","0.5"
"11577","0.0","","0.0"
"11578","0.0","0.0","0.0"
"11579","","",""
"11580","","0.5",""
"11581","","",""
"11582","0.0","",""
"11583","0.0","0.0","0.0"
"11584","0.0","","0.0"
"11585","1.0","0.0","0.0"
"11586","0.0","",""
"11587","","1.0",""
"11588","","","0.0"
"11589","","",""
"11590","","1.0",""
"11591","","",""
"11592","0.0","",""
"11593","","",""
"11594","","1.0",""
"11595","","",""
"11596","","",""
"11597","","",""
"11598","","",""
"11599","0.0","0.0","0.0"
"11600","0.0","0.0","1.0"
"11601","1.0","",""
"11602","","",""
"11603","","",""
"11604","0.0","",""
"11605","","",""
"11606","0.0","",""
"11607","0.0","0.0","0.0"
"11608","","0.0","0.0"
"11609","0.0","0.0","0.0"
"11610","0.0","",""
"11611","","",""
"11612","","",""
"11613","","",""
"11614","1.0","","1.0"
"11615","0.5","0.5","0.5"
"11616","0.0","1.0",""
"11617","","",""
"11618","1.0","0.0","0.0"
"11619","0.0","",""
"11620","","",""
"11621","0.0","0.0","0.0"
"11622","1.0","1.0","1.0"
"11623","1.0","1.0","1.0"
"11624","","",""
"11625","","0.0",""
"11626","0.0","",""
"11627","1.0","0.0","1.0"
"11628","0.0","0.0","0.0"
"11629","","",""
"11630","","",""
"11631","","",""
"11632","0.5","0.0","0.5"
"11633","0.0","0.0","0.0"
"11634","0.0","0.0","0.0"
"11635","0.0","",""
"11636","","",""
"11637","","0.0",""
"11638","0.5","",""
"11639","","",""
"11640","0.0","0.0","0.0"
"11641","0.5","0.0","0.5"
"11642","","",""
"11643","1.0","",""
"11644","1.0","0.0","0.0"
"11645","0.0","0.0","0.0"
"11646","1.0","0.0","1.0"
"11647","","",""
"11648","","",""
"11649","0.5","0.0","0.5"
"11650","","",""
"11651","1.0","",""
"11652","","",""
"11653","0.0","",""
"11654","","",""
"11655","0.0","0.0","0.0"
"11656","0.0","","0.0"
"11657","0.0","0.0","0.0"
"11658","","",""
"11659","1.0","1.0","1.0"
"11660","","",""
"11661","0.0","0.0","0.0"
"11662","","",""
"11663","","",""
"11664","","0.0",""
"11665","0.0","0.0","0.0"
"11666","","",""
"11667","1.0","0.0","1.0"
"11668","0.0","0.0","0.0"
"11669","","",""
"11670","","",""
"11671","","0.0","0.0"
"11672","0.0","0.0","1.0"
"11673","0.5","0.0","0.5"
"11674","","",""
"11675","0.0","",""
"11676","","",""
"11677","","",""
"11678","","0.0",""
"11679","0.0","",""
"11680","","",""
"11681","1.0","",""
"11682","0.0","0.0",""
"11683","","",""
"11684","0.0","",""
"11685","","1.0",""
"11686","","",""
"11687","0.5","0.5",""
"11688","","",""
"11689","0.0","",""
"11690","","1.0",""
"11691","1.0","1.0","1.0"
"11692","0.0","1.0",""
"11693","0.0","","0.0"
"11694","","",""
"11695","0.0","0.0",""
"11696","","0.0",""
"11697","","",""
"11698","0.0","0.0","0.0"
"11699","0.0","0.0","0.0"
"11700","0.5","0.0","0.5"
"11701","","","0.0"
"11702","","",""
"11703","","",""
"11704","","",""
"11705","","0.0","1.0"
"11706","","",""
"11707","","",""
"11708","","",""
"11709","","1.0","0.0"
"11710","","",""
"11711","","","0.0"
"11712","0.0","0.0","0.5"
"11713","","",""
"11714","","",""
"11715","","",""
"11716","","",""
"11717","0.0","0.0","0.0"
"11718","0.0","0.0",""
"11719","","",""
"11720","0.0","",""
"11721","0.0","",""
"11722","","",""
"11723","0.0","",""
"11724","","",""
"11725","0.0","",""
"11726","","",""
"11727","","0.0",""
"11728","0.0","0.0",""
"11729","","",""
"11730","0.5","0.0","0.5"
"11731","1.0","","1.0"
"11732","","","0.0"
"11733","0.0","",""
"11734","","",""
"11735","","",""
"11736","","",""
"11737","","",""
"11738","0.0","1.0","1.0"
"11739","","0.0",""
"11740","1.0","0.0","0.0"
"11741","","0.0","0.0"
"11742","0.5","0.0","0.5"
"11743","","",""
"11744","0.0","0.0","0.0"
"11745","","",""
"11746","1.0","1.0","1.0"
"11747","","",""
"11748","","",""
"11749","0.0","1.0","1.0"
"11750","1.0","0.0","0.0"
"11751","0.5","0.0","0.5"
"11752","0.5","0.0",""
"11753","1.0","",""
"11754","","",""
"11755","0.0","",""
"11756","0.0","",""
"11757","","0.0",""
"11758","1.0","",""
"11759","","",""
"11760","","",""
"11761","1.0","","1.0"
"11762","","",""
"11763","","",""
"11764","","",""
"11765","1.0","1.0","1.0"
"11766","0.0","0.0","0.0"
"11767","1.0","1.0","1.0"
"11768","","0.0","0.5"
"11769","","0.0","0.0"
"11770","","",""
"11771","0.0","",""
"11772","","",""
"11773","","0.0","0.5"
"11774","","",""
"11775","","",""
"11776","0.0","0.0","0.0"
"11777","0.5","",""
"11778","0.0","0.0","0.0"
"11779","","",""
"11780","","",""
"11781","","",""
"11782","0.0","",""
"11783","0.0","0.0","0.0"
"11784","1.0","0.0","0.0"
"11785","","0.0","0.0"
"11786","0.0","0.0","0.0"
"11787","0.0","",""
"11788","0.0","",""
"11789","","",""
"11790","","0.0",""
"11791","","",""
"11792","0.0","",""
"11793","","",""
"11794","","0.0",""
"11795","0.0","0.0","0.0"
"11796","1.0","0.0","1.0"
"11797","1.0","1.0","1.0"
"11798","0.0","0.0","0.0"
"11799","","",""
"11800","0.0","0.0",""
"11801","","",""
"11802","1.0","",""
"11803","0.0","0.0","0.0"
"11804","0.0","0.0","0.0"
"11805","0.5","0.5","0.5"
"11806","0.5","0.0",""
"11807","0.0","",""
"11808","","",""
"11809","","",""
"11810","0.0","0.0",""
"11811","0.0","0.0","0.0"
"11812","","",""
"11813","0.5","",""
"11814","","",""
"11815","","",""
"11816","0.0","",""
"11817","0.0","0.0","0.5"
"11818","","",""
"11819","","0.0",""
"11820","0.0","0.0","0.0"
"11821","0.0","0.5","0.5"
"11822","1.0","",""
"11823","0.0","",""
"11824","","",""
"11825","","",""
"11826","","1.0",""
"11827","0.5","",""
"11828","0.5","",""
"11829","","",""
"11830","","",""
"11831","","",""
"11832","0.0","0.0","0.0"
"11833","0.0","","0.0"
"11834","1.0","","1.0"
"11835","0.0","0.0","0.0"
"11836","0.0","",""
"11837","0.0","",""
"11838","0.0","0.0","0.0"
"11839","0.0","","0.0"
"11840","0.5","0.0","0.5"
"11841","","0.0","0.0"
"11842","0.5","0.0","0.5"
"11843","0.5","",""
"11844","0.0","0.0","0.0"
"11845","0.5","0.0","0.5"
"11846","","",""
"11847","","",""
"11848","1.0","0.0",""
"11849","0.0","0.0","0.0"
"11850","","1.0",""
"11851","","",""
"11852","","",""
"11853","","",""
"11854","","1.0","1.0"
"11855","0.0","0.0","0.0"
"11856","0.0","0.0","0.0"
"11857","","",""
"11858","0.5","0.0","0.5"
"11859","1.0","1.0","1.0"
"11860","0.0","0.0","0.0"
"11861","","",""
"11862","","",""
"11863","","0.0","1.0"
"11864","","",""
"11865","","0.0",""
"11866","","",""
"11867","0.0","",""
"11868","","",""
"11869","","",""
"11870","","1.0",""
"11871","0.0","",""
"11872","","0.0",""
"11873","","",""
"11874","0.0","0.0","0.0"
"11875","","",""
"11876","","0.0",""
"11877","","",""
"11878","1.0","0.0","1.0"
"11879","0.0","",""
"11880","1.0","0.0","1.0"
"11881","0.0","","0.0"
"11882","0.5","",""
"11883","","",""
"11884","0.0","0.5",""
"11885","0.0","0.0","0.0"
"11886","","","0.0"
"11887","","",""
"11888","","",""
"11889","1.0","",""
"11890","1.0","1.0","1.0"
"11891","0.5","0.0","0.5"
"11892","0.0","",""
"11893","","",""
"11894","","",""
"11895","","",""
"11896","","0.0",""
"11897","0.0","0.0",""
"11898","0.0","",""
"11899","","",""
"11900","0.0","0.0",""
"11901","0.0","",""
"11902","0.0","",""
"11903","0.0","0.0","0.0"
"11904","","1.0",""
"11905","1.0","",""
"11906","0.5","0.0","0.5"
"11907","","","0.0"
"11908","","",""
"11909","0.0","0.0","0.0"
"11910","0.5","0.0",""
"11911","","",""
"11912","0.0","0.0","0.0"
"11913","","",""
"11914","0.0","0.0","0.0"
"11915","","",""
"11916","","1.0","1.0"
"11917","","0.0","1.0"
"11918","0.5","0.0",""
"11919","","",""
"11920","","0.0",""
"11921","","1.0",""
"11922","","0.0","0.0"
"11923","","",""
"11924","1.0","1.0","1.0"
"11925","","0.0","1.0"
"11926","","",""
"11927","0.0","0.0",""
"11928","","",""
"11929","0.0","",""
"11930","0.5","0.0","0.5"
"11931","","",""
"11932","0.0","0.0","0.0"
"11933","0.0","",""
"11934","","",""
"11935","0.0","0.0","0.0"
"11936","1.0","0.0","1.0"
"11937","1.0","0.0","0.5"
"11938","","1.0","0.0"
"11939","","",""
"11940","0.0","0.0","0.0"
"11941","","",""
"11942","","",""
"11943","1.0","0.0","1.0"
"11944","0.5","",""
"11945","","",""
"11946","","",""
"11947","0.0","0.0","0.0"
"11948","","",""
"11949","","",""
"11950","","",""
"11951","","",""
"11952","","",""
"11953","0.5","",""
"11954","","0.0",""
"11955","0.0","",""
"11956","0.0","0.0","0.0"
"11957","0.0","",""
"11958","1.0","",""
"11959","0.0","0.0","0.0"
"11960","1.0","",""
"11961","","",""
"11962","","0.5",""
"11963","","",""
"11964","0.0","1.0","0.0"
"11965","0.0","0.0","0.0"
"11966","0.0","0.0",""
"11967","0.0","0.0",""
"11968","","1.0",""
"11969","0.0","",""
"11970","","",""
"11971","1.0","1.0","1.0"
"11972","","",""
"11973","","",""
"11974","0.0","0.0",""
"11975","","0.0","0.0"
"11976","0.5","",""
"11977","","1.0",""
"11978","0.0","1.0",""
"11979","0.0","",""
"11980","0.5","",""
"11981","1.0","","1.0"
"11982","","0.0","0.0"
"11983","","0.0","0.0"
"11984","","0.0",""
"11985","","",""
"11986","","0.0",""
"11987","0.0","",""
"11988","","0.0",""
"11989","1.0","1.0","1.0"
"11990","0.0","0.0","0.0"
"11991","","1.0","0.0"
"11992","","",""
"11993","0.0","0.0","0.0"
"11994","","0.0",""
"11995","0.0","",""
"11996","","",""
"11997","","0.0",""
"11998","1.0","1.0","1.0"
"11999","0.0","",""
"12000","","",""
"12001","","",""
"12002","","",""
"12003","0.0","0.0","0.0"
"12004","","",""
"12005","","",""
"12006","0.5","",""
"12007","0.0","0.0","0.0"
"12008","0.5","",""
"12009","0.0","0.0","0.0"
"12010","0.0","0.0",""
"12011","1.0","0.0","1.0"
"12012","","",""
"12013","","0.5",""
"12014","0.0","0.0","0.0"
"12015","0.0","0.0","0.0"
"12016","0.0","0.0","0.0"
"12017","","",""
"12018","0.5","0.0","0.5"
"12019","","0.0",""
"12020","0.0","0.5","0.0"
"12021","","",""
"12022","0.0","0.0",""
"12023","","",""
"12024","","",""
"12025","","1.0",""
"12026","","",""
"12027","","0.0",""
"12028","","0.0","0.0"
"12029","1.0","0.0","0.0"
"12030","","",""
"12031","","0.0","0.0"
"12032","","",""
"12033","0.0","0.0","0.0"
"12034","","0.0","0.0"
"12035","0.0","",""
"12036","","1.0",""
"12037","","",""
"12038","1.0","0.0","1.0"
"12039","","0.0","0.0"
"12040","0.5","0.0","0.5"
"12041","","",""
"12042","1.0","0.0","0.5"
"12043","0.0","0.0",""
"12044","","0.0",""
"12045","","0.0",""
"12046","","0.0","0.0"
"12047","1.0","",""
"12048","0.0","",""
"12049","0.5","",""
"12050","0.0","","0.0"
"12051","0.0","0.0","1.0"
"12052","0.0","0.0","0.0"
"12053","","",""
"12054","","",""
"12055","","",""
"12056","","",""
"12057","0.5","0.0","0.5"
"12058","","0.0",""
"12059","0.0","0.0","0.0"
"12060","","0.0","0.0"
"12061","0.0","0.0","0.0"
"12062","","0.0",""
"12063","0.0","0.0",""
"12064","1.0","1.0","1.0"
"12065","","",""
"12066","","",""
"12067","0.5","0.0","0.5"
"12068","1.0","0.0","1.0"
"12069","","",""
"12070","0.0","0.0","0.5"
"12071","","",""
"12072","","",""
"12073","","",""
"12074","","",""
"12075","0.5","","0.5"
"12076","0.0","1.0",""
"12077","","",""
"12078","","",""
"12079","0.0","",""
"12080","","",""
"12081","0.5","",""
"12082","","",""
"12083","1.0","0.0",""
"12084","","0.0","0.0"
"12085","","",""
"12086","","",""
"12087","0.5","0.5","0.5"
"12088","0.0","0.0",""
"12089","","0.0",""
"12090","","",""
"12091","1.0","0.0","1.0"
"12092","1.0","0.0","1.0"
"12093","0.0","",""
"12094","1.0","",""
"12095","0.0","",""
"12096","","",""
"12097","","0.0","1.0"
"12098","0.0","0.0",""
"12099","1.0","",""
"12100","0.0","0.0","0.0"
"12101","","",""
"12102","","1.0","1.0"
"12103","0.0","",""
"12104","","0.0","0.0"
"12105","","",""
"12106","","",""
"12107","0.0","0.0","0.0"
"12108","","",""
"12109","","",""
"12110","","",""
"12111","1.0","0.0","0.0"
"12112","0.0","0.0","0.0"
"12113","","0.0",""
"12114","","",""
"12115","","",""
"12116","","",""
"12117","0.5","0.5","0.5"
"12118","1.0","","1.0"
"12119","","",""
"12120","0.0","0.5","0.0"
"12121","","",""
"12122","0.0","",""
"12123","","0.0","0.0"
"12124","0.0","1.0","0.0"
"12125","0.0","",""
"12126","1.0","",""
"12127","0.0","0.0","0.0"
"12128","","0.0","0.0"
"12129","0.0","0.0",""
"12130","","",""
"12131","","0.0","0.0"
"12132","0.0","0.0","0.0"
"12133","","0.0",""
"12134","0.0","",""
"12135","","",""
"12136","1.0","1.0","1.0"
"12137","0.0","",""
"12138","1.0","",""
"12139","","0.0",""
"12140","1.0","","1.0"
"12141","","",""
"12142","0.0","0.0","0.0"
"12143","","",""
"12144","","",""
"12145","","0.0",""
"12146","","0.0",""
"12147","","",""
"12148","0.5","0.0","0.5"
"12149","","0.0",""
"12150","","",""
"12151","0.0","1.0","0.0"
"12152","0.0","",""
"12153","","0.0",""
"12154","0.5","0.0","0.0"
"12155","0.0","0.0","0.0"
"12156","1.0","",""
"12157","0.5","",""
"12158","","0.0",""
"12159","","",""
"12160","1.0","0.0","0.5"
"12161","1.0","1.0","1.0"
"12162","0.5","0.0","0.5"
"12163","","","0.0"
"12164","","",""
"12165","","",""
"12166","0.0","0.0","0.0"
"12167","1.0","0.0","1.0"
"12168","","1.0",""
"12169","","",""
"12170","","",""
"12171","","",""
"12172","","",""
"12173","1.0","","1.0"
"12174","","",""
"12175","0.0","1.0","1.0"
"12176","0.0","0.0","0.0"
"12177","","",""
"12178","","0.0","0.0"
"12179","0.5","0.5","0.5"
"12180","0.5","0.5","0.5"
"12181","","",""
"12182","","",""
"12183","0.0","",""
"12184","1.0","0.0","0.5"
"12185","","",""
"12186","","",""
"12187","","",""
"12188","1.0","",""
"12189","0.0","0.5","0.0"
"12190","1.0","0.0","1.0"
"12191","1.0","0.0","1.0"
"12192","","",""
"12193","1.0","0.0","0.0"
"12194","0.5","0.5","0.5"
"12195","1.0","",""
"12196","","",""
"12197","0.0","0.0",""
"12198","","",""
"12199","0.0","0.0","0.0"
"12200","0.0","","0.0"
"12201","","0.0","0.0"
"12202","0.5","0.0","0.5"
"12203","1.0","1.0","1.0"
"12204","1.0","1.0","1.0"
"12205","","0.0",""
"12206","","",""
"12207","","1.0","1.0"
"12208","","",""
"12209","","0.0","0.0"
"12210","","",""
"12211","","",""
"12212","","",""
"12213","1.0","1.0","1.0"
"12214","","0.5",""
"12215","0.0","",""
"12216","0.0","0.0","0.0"
"12217","","",""
"12218","0.0","","0.0"
"12219","1.0","1.0","1.0"
"12220","","",""
"12221","0.0","0.0","0.0"
"12222","0.0","",""
"12223","0.0","0.0","0.0"
"12224","","0.0","0.0"
"12225","","1.0","1.0"
"12226","0.0","",""
"12227","1.0","0.0","1.0"
"12228","","1.0","1.0"
"12229","0.5","0.0",""
"12230","0.0","0.0","0.0"
"12231","","",""
"12232","0.0","",""
"12233","","",""
"12234","0.0","",""
"12235","0.0","0.0","0.0"
"12236","0.0","",""
"12237","0.0","0.0","0.0"
"12238","","",""
"12239","1.0","1.0","1.0"
"12240","","",""
"12241","","0.0",""
"12242","","",""
"12243","","0.0","0.0"
"12244","0.0","0.0",""
"12245","0.5","0.5",""
"12246","0.0","0.0","0.0"
"12247","0.0","",""
"12248","","",""
"12249","","0.0",""
"12250","0.0","0.0","0.0"
"12251","","",""
"12252","0.0","0.0","0.0"
"12253","0.5","",""
"12254","","",""
"12255","","",""
"12256","0.0","0.0","0.0"
"12257","1.0","",""
"12258","0.0","0.0","0.5"
"12259","0.0","",""
"12260","0.0","1.0","0.5"
"12261","","",""
"12262","1.0","",""
"12263","","",""
"12264","0.0","",""
"12265","","0.0",""
"12266","","0.0",""
"12267","0.0","",""
"12268","0.0","",""
"12269","0.0","0.0","0.0"
"12270","","",""
"12271","","1.0",""
"12272","","",""
"12273","0.0","",""
"12274","","0.0",""
"12275","0.5","0.0","0.0"
"12276","","0.0",""
"12277","0.0","0.0",""
"12278","0.0","0.0","0.0"
"12279","","",""
"12280","1.0","1.0","1.0"
"12281","0.0","",""
"12282","","",""
"12283","1.0","0.0","1.0"
"12284","","",""
"12285","1.0","",""
"12286","0.0","","0.0"
"12287","0.0","","0.0"
"12288","0.0","0.0","0.0"
"12289","","",""
"12290","","",""
"12291","1.0","0.0","1.0"
"12292","0.5","0.5","0.5"
"12293","","",""
"12294","1.0","",""
"12295","1.0","",""
"12296","","",""
"12297","0.0","",""
"12298","","",""
"12299","0.0","0.5",""
"12300","0.0","0.0",""
"12301","","",""
"12302","","",""
"12303","0.0","",""
"12304","0.0","0.0","0.0"
"12305","","",""
"12306","0.0","","0.0"
"12307","","",""
"12308","0.0","","0.0"
"12309","","0.0",""
"12310","","0.0","0.0"
"12311","","0.0",""
"12312","","",""
"12313","0.5","0.5","0.0"
"12314","0.0","",""
"12315","","0.0","0.0"
"12316","","",""
"12317","0.5","0.0","0.0"
"12318","","",""
"12319","","",""
"12320","","1.0","1.0"
"12321","1.0","0.0","1.0"
"12322","","",""
"12323","","",""
"12324","","",""
"12325","","",""
"12326","0.0","0.0","0.0"
"12327","","",""
"12328","","0.0",""
"12329","0.5","0.0","0.5"
"12330","0.0","0.0","0.0"
"12331","","",""
"12332","","",""
"12333","","",""
"12334","0.0","",""
"12335","0.0","1.0","1.0"
"12336","0.5","","0.5"
"12337","","",""
"12338","","",""
"12339","0.0","0.0","0.0"
"12340","0.0","0.0","0.0"
"12341","","",""
"12342","","",""
"12343","1.0","0.0","1.0"
"12344","","",""
"12345","","0.0","0.0"
"12346","","",""
"12347","","",""
"12348","0.0","0.0","0.0"
"12349","0.0","0.0","0.0"
"12350","","",""
"12351","0.0","0.5","0.0"
"12352","","",""
"12353","1.0","0.0","1.0"
"12354","0.0","0.0","0.0"
"12355","0.0","",""
"12356","","",""
"12357","0.5","",""
"12358","0.0","1.0","0.0"
"12359","","0.0","1.0"
"12360","1.0","",""
"12361","0.5","0.5",""
"12362","","",""
"12363","","",""
"12364","","0.0",""
"12365","","0.0",""
"12366","","",""
"12367","","",""
"12368","1.0","0.0","1.0"
"12369","","",""
"12370","","",""
"12371","","",""
"12372","","",""
"12373","1.0","0.0","1.0"
"12374","0.0","",""
"12375","0.5","0.0","0.5"
"12376","0.0","",""
"12377","0.0","0.0","0.0"
"12378","","0.0",""
"12379","0.0","",""
"12380","","1.0",""
"12381","0.5","0.5","0.5"
"12382","","0.0","1.0"
"12383","0.5","",""
"12384","0.0","0.0","0.0"
"12385","","",""
"12386","0.0","0.0","0.0"
"12387","","",""
"12388","0.0","0.0","0.0"
"12389","0.0","",""
"12390","0.0","",""
"12391","","",""
"12392","0.0","0.0","0.0"
"12393","","",""
"12394","","1.0",""
"12395","","",""
"12396","0.0","1.0","0.0"
"12397","0.0","0.0","0.0"
"12398","0.0","","0.0"
"12399","1.0","0.0","1.0"
"12400","0.5","0.0",""
"12401","0.5","0.5","0.5"
"12402","0.0","",""
"12403","0.0","",""
"12404","","",""
"12405","0.0","",""
"12406","1.0","1.0","1.0"
"12407","1.0","",""
"12408","","",""
"12409","","",""
"12410","0.0","",""
"12411","1.0","","1.0"
"12412","0.0","",""
"12413","0.0","",""
"12414","","","0.0"
"12415","","",""
"12416","0.0","0.0","0.0"
"12417","1.0","1.0","1.0"
"12418","","",""
"12419","1.0","0.0","1.0"
"12420","","",""
"12421","","",""
"12422","1.0","0.0","0.5"
"12423","0.5","0.5","0.5"
"12424","0.5","0.0","0.5"
"12425","","0.0",""
"12426","1.0","0.0","1.0"
"12427","","",""
"12428","0.5","0.0","0.5"
"12429","0.5","",""
"12430","1.0","1.0","1.0"
"12431","0.0","",""
"12432","","0.0",""
"12433","","0.0",""
"12434","0.5","0.0","0.5"
"12435","1.0","",""
"12436","0.5","0.0",""
"12437","1.0","0.0","1.0"
"12438","0.5","0.0","0.5"
"12439","","",""
"12440","0.0","0.0","1.0"
"12441","0.0","",""
"12442","0.5","0.0","0.5"
"12443","0.5","0.0","1.0"
"12444","","1.0",""
"12445","0.0","0.5","0.0"
"12446","","0.0",""
"12447","0.5","0.5","0.5"
"12448","","",""
"12449","0.0","0.5","0.0"
"12450","","",""
"12451","0.0","0.0",""
"12452","","",""
"12453","0.5","0.0","0.5"
"12454","0.5","0.0","0.5"
"12455","0.0","0.0","0.0"
"12456","","",""
"12457","0.5","","0.5"
"12458","","0.0",""
"12459","1.0","",""
"12460","0.5","0.0","0.5"
"12461","1.0","0.0","0.5"
"12462","0.0","0.0",""
"12463","0.0","0.0","0.5"
"12464","1.0","",""
"12465","0.5","0.0","0.5"
"12466","","",""
"12467","","",""
"12468","","",""
"12469","0.0","1.0","1.0"
"12470","0.5","","0.5"
"12471","0.5","0.0","0.0"
"12472","0.0","0.0","0.0"
"12473","0.0","",""
"12474","1.0","0.5","1.0"
"12475","1.0","0.0","0.5"
"12476","","0.0",""
"12477","0.0","",""
"12478","0.0","",""
"12479","1.0","1.0",""
"12480","1.0","",""
"12481","0.0","",""
"12482","1.0","0.0","0.5"
"12483","0.5","0.0","0.5"
"12484","","",""
"12485","","0.0","0.0"
"12486","0.0","",""
"12487","0.0","",""
"12488","","",""
"12489","","0.0",""
"12490","0.0","",""
"12491","","",""
"12492","0.0","",""
"12493","","",""
"12494","0.5","0.0","0.5"
"12495","0.5","0.5","0.5"
"12496","0.0","0.0","0.0"
"12497","","",""
"12498","0.5","0.5","1.0"
"12499","","0.0","0.0"
"12500","0.0","0.0","0.0"
"12501","1.0","0.0",""
"12502","0.0","0.0","0.0"
"12503","1.0","",""
"12504","1.0","1.0","1.0"
"12505","0.5","0.5","0.5"
"12506","0.0","0.0","0.0"
"12507","","0.0","1.0"
"12508","0.5","0.5","0.5"
"12509","0.0","0.0","0.0"
"12510","0.0","",""
"12511","0.0","",""
"12512","0.5","","0.5"
"12513","0.5","0.0",""
"12514","0.0","0.0","0.0"
"12515","0.0","",""
"12516","0.0","",""
"12517","","",""
"12518","1.0","0.0","1.0"
"12519","0.5","",""
"12520","0.5","",""
"12521","","",""
"12522","","",""
"12523","0.0","1.0","1.0"
"12524","","",""
"12525","","",""
"12526","0.0","",""
"12527","0.5","0.0","0.5"
"12528","0.0","0.0","0.0"
"12529","0.5","0.0","0.5"
"12530","0.5","0.0","0.5"
"12531","","",""
"12532","1.0","0.0",""
"12533","0.5","",""
"12534","","0.0",""
"12535","0.0","0.0","0.0"
"12536","0.5","0.5","0.5"
"12537","","",""
"12538","0.0","0.0","0.0"
"12539","","0.0","0.0"
"12540","0.0","0.0","0.0"
"12541","","",""
"12542","0.0","0.0","0.0"
"12543","1.0","0.0","1.0"
"12544","1.0","1.0","1.0"
"12545","0.5","0.5","0.0"
"12546","","0.0","1.0"
"12547","","0.0","0.5"
"12548","0.0","0.0","0.0"
"12549","","0.0",""
"12550","1.0","1.0","1.0"
"12551","0.0","",""
"12552","","0.0",""
"12553","","",""
"12554","0.5","0.5","0.5"
"12555","0.0","0.5","0.5"
"12556","1.0","","1.0"
"12557","0.5","0.5","0.5"
"12558","0.0","0.0","0.0"
"12559","","",""
"12560","0.0","",""
"12561","","0.0","0.5"
"12562","0.5","0.0","0.5"
"12563","1.0","0.5","0.5"
"12564","0.0","","0.0"
"12565","1.0","",""
"12566","","0.0","0.0"
"12567","0.0","",""
"12568","1.0","1.0","1.0"
"12569","1.0","0.0","1.0"
"12570","0.0","1.0","1.0"
"12571","","1.0",""
"12572","0.5","0.0","0.5"
"12573","0.5","0.0","0.0"
"12574","0.5","0.5","0.5"
"12575","0.0","0.5","0.0"
"12576","0.5","1.0","1.0"
"12577","0.0","1.0",""
"12578","","",""
"12579","0.0","1.0",""
"12580","1.0","0.0",""
"12581","0.0","0.0","0.0"
"12582","0.0","","0.0"
"12583","0.0","",""
"12584","0.0","",""
"12585","","0.5",""
"12586","1.0","",""
"12587","1.0","0.0","1.0"
"12588","0.5","",""
"12589","1.0","0.0","1.0"
"12590","0.0","",""
"12591","1.0","1.0",""
"12592","","",""
"12593","0.5","0.0","0.5"
"12594","0.5","","0.5"
"12595","","0.0",""
"12596","1.0","0.5","0.5"
"12597","0.5","0.0","0.0"
"12598","0.5","",""
"12599","0.5","0.0","0.0"
"12600","1.0","0.0","1.0"
"12601","","","0.5"
"12602","0.5","0.0","0.5"
"12603","1.0","",""
"12604","0.5","0.5","0.5"
"12605","1.0","",""
"12606","0.5","0.5","0.5"
"12607","0.0","1.0","0.0"
"12608","","",""
"12609","","",""
"12610","0.0","0.0","0.0"
"12611","0.5","",""
"12612","0.5","0.5","0.5"
"12613","0.5","",""
"12614","","0.0","0.0"
"12615","0.0","",""
"12616","","",""
"12617","0.5","0.0","0.5"
"12618","0.0","",""
"12619","0.5","0.0","0.5"
"12620","0.0","",""
"12621","0.0","0.5","0.0"
"12622","","0.0","0.0"
"12623","","",""
"12624","","",""
"12625","0.5","0.0","0.0"
"12626","","0.0",""
"12627","","0.0","0.0"
"12628","0.0","",""
"12629","","",""
"12630","0.5","0.0","0.0"
"12631","","0.0","0.5"
"12632","","",""
"12633","1.0","1.0","1.0"
"12634","0.0","0.0","0.0"
"12635","0.5","",""
"12636","0.0","0.0","0.0"
"12637","0.5","0.5","0.5"
"12638","0.5","",""
"12639","","0.0",""
"12640","","1.0",""
"12641","0.5","0.5","0.5"
"12642","0.5","0.0","0.5"
"12643","0.0","",""
"12644","","1.0","1.0"
"12645","0.0","0.0","0.0"
"12646","","0.0",""
"12647","0.0","0.0","0.0"
"12648","1.0","0.0","0.5"
"12649","0.0","",""
"12650","0.0","0.0",""
"12651","","",""
"12652","","",""
"12653","","0.0","0.0"
"12654","","",""
"12655","","",""
"12656","","",""
"12657","","0.0",""
"12658","0.0","","0.0"
"12659","0.0","",""
"12660","0.0","",""
"12661","0.0","","0.0"
"12662","","","0.0"
"12663","","0.0",""
"12664","0.0","",""
"12665","","",""
"12666","0.0","",""
"12667","1.0","1.0","1.0"
"12668","","",""
"12669","0.0","",""
"12670","0.5","0.5",""
"12671","0.5","",""
"12672","0.0","",""
"12673","","1.0","0.0"
"12674","0.5","0.0",""
"12675","","",""
"12676","0.0","1.0","0.0"
"12677","0.0","",""
"12678","1.0","1.0",""
"12679","0.5","0.0","0.5"
"12680","0.0","0.0",""
"12681","0.0","",""
"12682","","","0.0"
"12683","","",""
"12684","0.5","",""
"12685","","",""
"12686","1.0","0.0","1.0"
"12687","1.0","0.0","1.0"
"12688","0.0","0.0",""
"12689","","",""
"12690","","",""
"12691","1.0","1.0","1.0"
"12692","1.0","0.0","0.5"
"12693","","",""
"12694","0.0","1.0","0.0"
"12695","","0.0","0.0"
"12696","","0.0",""
"12697","0.0","1.0","0.0"
"12698","0.5","",""
"12699","","",""
"12700","","",""
"12701","0.5","0.0","0.5"
"12702","","",""
"12703","1.0","1.0","1.0"
"12704","0.5","",""
"12705","","",""
"12706","","",""
"12707","0.0","0.0","0.0"
"12708","0.0","0.0","0.0"
"12709","0.0","0.0","0.0"
"12710","0.5","","0.5"
"12711","","",""
"12712","","0.0","0.0"
"12713","1.0","0.0","1.0"
"12714","","",""
"12715","1.0","",""
"12716","","0.0","1.0"
"12717","0.0","",""
"12718","","",""
"12719","1.0","0.0","0.0"
"12720","","",""
"12721","","1.0",""
"12722","0.0","0.0","0.0"
"12723","0.0","0.0","0.0"
"12724","1.0","0.0","1.0"
"12725","0.0","0.0","0.0"
"12726","0.0","0.5","0.0"
"12727","0.0","1.0","0.0"
"12728","1.0","1.0","1.0"
"12729","0.5","0.0","0.5"
"12730","0.0","0.0",""
"12731","0.0","",""
"12732","0.0","0.0","0.5"
"12733","0.0","1.0","0.0"
"12734","0.5","0.5","0.5"
"12735","","",""
"12736","0.0","",""
"12737","","0.0","0.5"
"12738","0.5","0.5","0.5"
"12739","0.5","0.5","0.5"
"12740","0.5","","0.5"
"12741","","0.5",""
"12742","1.0","0.0","1.0"
"12743","","0.0",""
"12744","0.0","0.5","0.5"
"12745","","0.0","1.0"
"12746","","1.0",""
"12747","1.0","0.0","1.0"
"12748","","",""
"12749","","0.0",""
"12750","","",""
"12751","1.0","0.0","0.5"
"12752","0.0","0.0","0.0"
"12753","","",""
"12754","","",""
"12755","0.0","0.0","0.5"
"12756","","",""
"12757","0.0","0.0","0.0"
"12758","1.0","0.0","1.0"
"12759","","0.0","0.0"
"12760","0.5","",""
"12761","0.5","0.0","0.5"
"12762","0.0","",""
"12763","","0.0",""
"12764","","0.0","0.5"
"12765","1.0","",""
"12766","","",""
"12767","0.5","","0.0"
"12768","1.0","1.0","1.0"
"12769","0.0","0.0","0.0"
"12770","1.0","0.0","1.0"
"12771","0.5","0.0","0.0"
"12772","","",""
"12773","1.0","1.0","1.0"
"12774","0.5","0.5","0.5"
"12775","0.5","0.5","1.0"
"12776","0.5","0.5","0.0"
"12777","0.0","0.0","0.0"
"12778","0.5","",""
"12779","0.5","0.0","0.5"
"12780","1.0","0.0","1.0"
"12781","0.0","","0.0"
"12782","","0.0",""
"12783","0.0","0.0","0.0"
"12784","1.0","",""
"12785","1.0","1.0","1.0"
"12786","0.0","",""
"12787","1.0","0.5","0.5"
"12788","1.0","1.0","1.0"
"12789","0.5","0.0",""
"12790","0.0","",""
"12791","1.0","1.0","1.0"
"12792","","",""
"12793","1.0","",""
"12794","","0.0",""
"12795","1.0","1.0","1.0"
"12796","0.0","",""
"12797","0.5","0.0","0.5"
"12798","","0.0",""
"12799","","",""
"12800","0.5","0.5","0.5"
"12801","","",""
"12802","0.0","0.0","0.0"
"12803","0.0","0.0",""
"12804","","",""
"12805","0.5","0.5","0.5"
"12806","1.0","",""
"12807","","",""
"12808","","",""
"12809","0.5","0.5","0.5"
"12810","","1.0",""
"12811","1.0","",""
"12812","","",""
"12813","0.5","0.0","0.0"
"12814","0.0","",""
"12815","","",""
"12816","","0.0",""
"12817","","0.0","0.0"
"12818","1.0","0.0","1.0"
"12819","0.5","0.0","0.5"
"12820","0.5","",""
"12821","","",""
"12822","1.0","1.0","1.0"
"12823","1.0","","1.0"
"12824","","",""
"12825","","0.0","0.0"
"12826","0.5","0.5","0.5"
"12827","","0.0","0.0"
"12828","0.0","0.0","0.0"
"12829","","",""
"12830","0.0","0.0","0.0"
"12831","0.0","1.0","0.0"
"12832","0.0","",""
"12833","0.5","0.5","0.5"
"12834","1.0","0.0","1.0"
"12835","","",""
"12836","1.0","0.0","0.5"
"12837","","",""
"12838","","0.5","0.5"
"12839","0.0","",""
"12840","1.0","0.0","1.0"
"12841","1.0","1.0","1.0"
"12842","1.0","",""
"12843","1.0","","1.0"
"12844","0.5","","0.5"
"12845","1.0","",""
"12846","0.5","0.5","0.5"
"12847","0.5","0.0","1.0"
"12848","0.0","",""
"12849","","0.0",""
"12850","0.0","0.0","0.5"
"12851","0.0","0.0","0.0"
"12852","0.0","0.0","0.0"
"12853","0.0","0.0","0.0"
"12854","","",""
"12855","","",""
"12856","0.5","0.0","0.0"
"12857","","",""
"12858","","",""
"12859","1.0","",""
"12860","0.0","0.0","0.0"
"12861","","",""
"12862","0.5","",""
"12863","0.0","","0.0"
"12864","","0.0","0.0"
"12865","0.0","0.0","0.0"
"12866","","",""
"12867","","0.0",""
"12868","","",""
"12869","0.5","",""
"12870","","",""
"12871","0.0","",""
"12872","0.0","",""
"12873","1.0","","0.5"
"12874","1.0","",""
"12875","0.0","0.0","0.0"
"12876","0.0","",""
"12877","0.0","",""
"12878","","",""
"12879","1.0","","1.0"
"12880","0.5","0.0","0.5"
"12881","0.0","0.0","0.0"
"12882","1.0","0.0","1.0"
"12883","0.5","0.5","0.5"
"12884","","0.0",""
"12885","0.0","0.0","0.0"
"12886","0.0","",""
"12887","0.5","0.5",""
"12888","0.0","0.5","0.0"
"12889","","0.0","0.0"
"12890","0.5","0.5","0.5"
"12891","","0.0","0.0"
"12892","","",""
"12893","1.0","1.0","1.0"
"12894","1.0","1.0","1.0"
"12895","0.5","","0.5"
"12896","1.0","0.0","1.0"
"12897","0.5","0.5","0.5"
"12898","","0.0","0.0"
"12899","1.0","0.0","1.0"
"12900","0.0","",""
"12901","0.0","0.0","0.0"
"12902","1.0","",""
"12903","","",""
"12904","","","0.0"
"12905","1.0","1.0","1.0"
"12906","0.5","0.5","0.0"
"12907","","0.5",""
"12908","1.0","1.0","1.0"
"12909","0.5","0.0","0.5"
"12910","1.0","1.0","1.0"
"12911","0.5","0.0","0.5"
"12912","1.0","1.0","1.0"
"12913","","",""
"12914","","",""
"12915","0.0","0.0","0.0"
"12916","","0.0","1.0"
"12917","","",""
"12918","","",""
"12919","","",""
"12920","","0.0","1.0"
"12921","","",""
"12922","0.5","0.0","0.5"
"12923","1.0","0.0","1.0"
"12924","0.0","",""
"12925","1.0","",""
"12926","1.0","1.0","1.0"
"12927","","",""
"12928","","0.0",""
"12929","1.0","",""
"12930","","",""
"12931","0.5","",""
"12932","0.0","0.0","0.0"
"12933","1.0","",""
"12934","","",""
"12935","0.0","0.0","0.0"
"12936","","",""
"12937","0.0","0.0",""
"12938","","0.5",""
"12939","0.0","",""
"12940","0.0","0.0",""
"12941","","",""
"12942","","0.0","0.0"
"12943","","",""
"12944","","",""
"12945","","",""
"12946","1.0","0.0","1.0"
"12947","0.0","",""
"12948","0.0","1.0",""
"12949","0.0","",""
"12950","","",""
"12951","1.0","0.0","0.5"
"12952","1.0","0.0","1.0"
"12953","0.5","0.5","0.5"
"12954","0.0","0.0","0.0"
"12955","0.0","0.0","0.0"
"12956","","",""
"12957","","0.0",""
"12958","0.0","0.0","0.0"
"12959","0.0","0.0","0.5"
"12960","","",""
"12961","0.5","","0.5"
"12962","","",""
"12963","0.5","",""
"12964","0.0","0.0",""
"12965","0.5","0.0","0.0"
"12966","0.0","0.0","0.5"
"12967","0.5","0.5","0.5"
"12968","","",""
"12969","0.0","0.0","0.0"
"12970","","0.0",""
"12971","0.5","0.5",""
"12972","1.0","0.0","0.5"
"12973","0.0","0.0","0.0"
"12974","","0.0",""
"12975","0.5","0.0","0.5"
"12976","0.5","0.5","0.5"
"12977","0.5","",""
"12978","","0.5","0.5"
"12979","0.0","",""
"12980","0.0","",""
"12981","","",""
"12982","0.0","1.0","0.0"
"12983","0.0","0.0","0.0"
"12984","0.0","0.0","0.0"
"12985","","0.0",""
"12986","0.5","",""
"12987","0.5","0.0","0.0"
"12988","","",""
"12989","0.0","","0.0"
"12990","0.5","0.0","0.5"
"12991","1.0","0.0","1.0"
"12992","0.0","",""
"12993","","",""
"12994","","0.0",""
"12995","0.5","",""
"12996","","",""
"12997","","",""
"12998","1.0","0.0",""
"12999","","0.0",""
"13000","","",""
"13001","0.0","0.0","0.0"
"13002","0.5","0.0","0.5"
"13003","0.0","","0.5"
"13004","0.0","0.0","0.0"
"13005","1.0","0.0","1.0"
"13006","","",""
"13007","0.0","0.0","0.0"
"13008","1.0","1.0","1.0"
"13009","","0.0",""
"13010","","1.0",""
"13011","0.5","",""
"13012","1.0","1.0","1.0"
"13013","","",""
"13014","0.5","0.0","0.5"
"13015","0.0","",""
"13016","0.0","",""
"13017","0.5","0.5","0.5"
"13018","1.0","","1.0"
"13019","","0.0",""
"13020","1.0","","0.0"
"13021","","",""
"13022","0.5","0.0","0.5"
"13023","","1.0","1.0"
"13024","0.0","","0.0"
"13025","","",""
"13026","1.0","",""
"13027","0.5","0.0","0.5"
"13028","0.5","0.0","0.5"
"13029","","",""
"13030","0.5","0.0","0.5"
"13031","0.0","1.0","0.0"
"13032","","",""
"13033","","",""
"13034","0.0","0.0","0.0"
"13035","1.0","",""
"13036","","",""
"13037","1.0","0.0","1.0"
"13038","0.0","0.0","0.0"
"13039","","",""
"13040","","0.0","1.0"
"13041","0.0","",""
"13042","0.5","",""
"13043","0.5","",""
"13044","","",""
"13045","0.5","","0.5"
"13046","1.0","1.0","1.0"
"13047","","0.0",""
"13048","","",""
"13049","","",""
"13050","0.5","0.5","0.5"
"13051","0.0","",""
"13052","1.0","0.0","0.0"
"13053","","","0.0"
"13054","","1.0",""
"13055","","",""
"13056","0.5","",""
"13057","0.5","0.0","0.5"
"13058","","0.0",""
"13059","","0.0","0.5"
"13060","0.5","0.0",""
"13061","1.0","1.0","1.0"
"13062","1.0","0.0","1.0"
"13063","0.0","1.0","1.0"
"13064","0.0","",""
"13065","0.5","0.5","0.5"
"13066","1.0","",""
"13067","0.5","0.5",""
"13068","","0.0",""
"13069","","1.0",""
"13070","0.0","0.0","0.0"
"13071","","0.0","0.0"
"13072","","",""
"13073","0.5","0.0",""
"13074","0.5","0.5","0.5"
"13075","","",""
"13076","1.0","0.0","1.0"
"13077","","1.0",""
"13078","1.0","0.0","1.0"
"13079","0.5","0.0","0.5"
"13080","0.0","1.0","1.0"
"13081","0.0","0.0","0.0"
"13082","0.0","0.0","0.0"
"13083","","",""
"13084","0.5","0.0","0.5"
"13085","0.0","0.0","0.0"
"13086","0.5","0.5","0.5"
"13087","","0.0","0.5"
"13088","0.0","",""
"13089","","0.0",""
"13090","0.0","",""
"13091","1.0","0.0","1.0"
"13092","0.5","0.5","0.5"
"13093","","0.0",""
"13094","","0.0","1.0"
"13095","","",""
"13096","1.0","",""
"13097","1.0","0.0","1.0"
"13098","1.0","0.0","0.5"
"13099","","",""
"13100","1.0","1.0","1.0"
"13101","","0.0",""
"13102","0.0","0.0","0.0"
"13103","","0.0",""
"13104","0.0","",""
"13105","0.0","1.0",""
"13106","0.5","0.0","0.5"
"13107","1.0","1.0","1.0"
"13108","1.0","1.0","1.0"
"13109","","",""
"13110","","",""
"13111","0.0","0.0","0.0"
"13112","0.5","0.0","0.5"
"13113","","",""
"13114","0.5","",""
"13115","0.0","0.0","0.0"
"13116","0.0","",""
"13117","0.5","0.0","0.5"
"13118","0.0","0.0","0.0"
"13119","","1.0","1.0"
"13120","","0.0",""
"13121","","0.0",""
"13122","","","0.0"
"13123","","",""
"13124","","0.0",""
"13125","0.0","1.0",""
"13126","","",""
"13127","","",""
"13128","0.5","","0.0"
"13129","0.5","0.5","0.5"
"13130","1.0","1.0","1.0"
"13131","0.0","","0.0"
"13132","0.5","0.5","0.5"
"13133","","0.0",""
"13134","0.5","0.5",""
"13135","0.5","",""
"13136","0.0","",""
"13137","0.5","0.0","0.5"
"13138","","0.0",""
"13139","0.5","0.5","0.5"
"13140","","",""
"13141","1.0","0.0","0.5"
"13142","","",""
"13143","","0.0",""
"13144","","0.5","0.5"
"13145","0.0","",""
"13146","0.0","",""
"13147","0.0","",""
"13148","","0.0",""
"13149","0.5","",""
"13150","","0.0","0.0"
"13151","","",""
"13152","","",""
"13153","0.5","0.0","0.5"
"13154","0.5","0.0","0.5"
"13155","","1.0","1.0"
"13156","0.5","",""
"13157","","0.0","1.0"
"13158","0.0","0.0",""
"13159","0.0","",""
"13160","0.0","0.0","0.0"
"13161","0.5","",""
"13162","0.5","0.0","0.5"
"13163","0.5","0.0",""
"13164","","",""
"13165","1.0","","1.0"
"13166","1.0","",""
"13167","","0.5",""
"13168","1.0","0.0","1.0"
"13169","","0.0",""
"13170","1.0","",""
"13171","0.5","0.0","0.5"
"13172","0.0","0.0","0.0"
"13173","","0.0",""
"13174","0.0","1.0","1.0"
"13175","0.0","",""
"13176","","",""
"13177","1.0","0.5","0.5"
"13178","0.0","0.0","0.0"
"13179","1.0","1.0","1.0"
"13180","0.0","","0.0"
"13181","0.0","0.0","0.0"
"13182","","0.0",""
"13183","","",""
"13184","1.0","0.0","1.0"
"13185","","1.0","1.0"
"13186","","",""
"13187","","",""
"13188","0.5","0.5","0.5"
"13189","0.0","0.0",""
"13190","","0.0","0.0"
"13191","0.5","",""
"13192","0.0","","0.0"
"13193","0.0","0.0","0.0"
"13194","0.5","0.0","0.5"
"13195","1.0","",""
"13196","0.0","",""
"13197","0.5","","0.5"
"13198","","",""
"13199","1.0","",""
"13200","0.0","0.0",""
"13201","0.0","",""
"13202","","",""
"13203","0.0","0.0","0.5"
"13204","","",""
"13205","0.0","0.0","0.0"
"13206","1.0","1.0","1.0"
"13207","0.5","",""
"13208","","0.0",""
"13209","0.0","0.0",""
"13210","1.0","0.0","1.0"
"13211","1.0","",""
"13212","","",""
"13213","0.0","0.0","0.0"
"13214","","0.0",""
"13215","0.0","","0.5"
"13216","1.0","1.0","1.0"
"13217","","0.5",""
"13218","0.0","0.0","0.0"
"13219","1.0","","1.0"
"13220","","0.0","0.0"
"13221","0.0","",""
"13222","","0.0","0.0"
"13223","","1.0",""
"13224","0.5","",""
"13225","1.0","",""
"13226","1.0","",""
"13227","0.5","0.0","0.5"
"13228","0.5","0.0","0.0"
"13229","0.5","","0.5"
"13230","0.0","0.0","0.0"
"13231","0.0","0.0",""
"13232","","0.5",""
"13233","","",""
"13234","0.0","0.5","0.0"
"13235","","",""
"13236","","",""
"13237","1.0","0.0","1.0"
"13238","0.0","0.5","0.0"
"13239","1.0","",""
"13240","0.0","0.5","0.0"
"13241","0.5","0.0",""
"13242","","0.0",""
"13243","","0.0","0.0"
"13244","0.0","",""
"13245","1.0","1.0","1.0"
"13246","","0.0",""
"13247","0.0","1.0","0.0"
"13248","1.0","",""
"13249","0.5","",""
"13250","","",""
"13251","","0.0",""
"13252","","",""
